Date,Close,High,Low,Open,Volume
2018-01-01,400.01531982421875,405.7093940695705,399.0259980520491,405.7093940695705,9453202
2018-01-02,400.630859375,404.3243349654804,398.5422945557765,401.44430689808223,9499419
2018-01-03,402.23577880859375,407.1604032514544,401.4662998187556,406.7206883923315,13507800
2018-01-04,404.65411376953125,405.3136713921885,402.63150170165216,403.7087605627071,9008932
2018-01-05,405.9512023925781,407.5561131706841,404.63211654099234,405.3136584175376,7441284
2018-01-08,408.2815856933594,409.3588444199197,406.0611154213574,407.20432696679904,8827020
2018-01-09,413.7338562011719,415.03095773275516,406.2809817737514,408.1057058870631,14294571
2018-01-10,414.3494567871094,416.5699272501448,411.3375230779073,414.6352523601828,11727682
2018-01-11,412.32684326171875,414.48136089217263,411.11764944637065,414.1075988695826,7849171
2018-01-12,417.2734375,418.9443011456159,412.54670084844645,414.63526572971494,15071161
2018-01-15,417.33935546875,421.4505320612223,415.6025684930186,417.7131174735659,11120925
2018-01-16,405.81927490234375,416.7018133088848,404.52217339556626,416.7018133088848,10825151
2018-01-17,406.5008544921875,408.47949802257943,398.8061231292183,407.16041211948584,13204016
2018-01-18,404.3902893066406,408.7432931606718,402.3676773045552,408.4794818607916,9381821
2018-01-19,409.49078369140625,410.8538380784073,405.4455597284336,405.8412766742237,9973533
2018-01-22,427.1666564941406,428.3978052812969,413.31618127350276,416.8337534298782,45700733
2018-01-23,432.3330993652344,435.7187657999639,428.7056059033461,428.7056059033461,22526810
2018-01-24,424.9022216796875,431.67355475299144,423.27532656318414,431.67355475299144,14289485
2018-01-25,424.7043762207031,427.3865166606427,420.4172955393989,425.58374728199215,13669901
2018-01-29,424.0887756347656,429.7168970320304,421.80235223436125,424.83627036811043,9897064
2018-01-30,417.8890075683594,424.6603695937107,417.2734185291451,424.6603695937107,9182956
2018-01-31,422.68170166015625,424.0887245019504,413.99764954874763,417.71310914005534,12551686
2018-02-01,415.00897216796875,427.6502820339128,411.82116435876986,423.5391347095605,16524809
2018-02-02,397.6408996582031,415.0529439106164,396.16792392595465,411.1176413978391,28965593
2018-02-05,396.673583984375,401.2244757796737,387.72574902559705,393.0900590160554,19191099
2018-02-06,392.2546081542969,394.8488405971772,382.9769801611679,385.61518115300373,24062503
2018-02-07,393.26593017578125,398.10261751571784,391.33125523980664,396.84948446786,15532284
2018-02-08,397.7289123535156,400.41108238725053,392.3646016375524,394.8049446075877,13825894
2018-02-09,394.78289794921875,396.60762212940665,389.5724486546818,390.89156386035035,11580639
2018-02-12,402.5435485839844,403.73072877633416,396.6296025455643,397.0473331188459,11877059
2018-02-14,410.5241394042969,414.41547406427867,404.9619408927109,405.84134137505487,22247829
2018-02-15,411.4034729003906,415.84441379405536,408.1057142906776,412.2828732395473,13363743
2018-02-16,405.0937805175781,414.4593450190421,403.6867283365745,413.14022993041374,9628162
2018-02-19,407.6000671386719,409.798553263164,401.68612126585737,404.9618661783807,8941900
2018-02-20,405.005859375,408.72131934944093,403.9945826995693,408.4794923183597,8458450
2018-02-21,408.63336181640625,410.0184004584889,405.4675382405737,408.919157384304,11917390
2018-02-22,406.4349060058594,409.3589027809596,404.52221528261697,405.4016156779068,11196908
2018-02-23,410.78790283203125,412.4367822130504,405.7313726619427,406.89656862590834,10610664
2018-02-26,412.74456787109375,415.4707061515473,411.82119892693214,412.8764735271878,8435611
2018-02-27,417.9329833984375,420.26337524552326,412.5906578294948,412.87645340376895,14021366
2018-02-28,419.7137451171875,420.83497242871914,414.7231682238602,415.9323326302963,56650480
2018-03-01,417.00958251953125,422.0661121264232,415.9323237783782,417.6031872490032,8956590
2018-03-05,406.3249816894531,417.7791123185467,405.2257385411593,414.6352728052159,12325694
2018-03-06,400.49896240234375,411.6453128884909,397.9707120301943,408.47948917870684,16019726
2018-03-07,391.2213134765625,399.7954152379052,390.47381880127335,399.7954152379052,15853546
2018-03-08,400.76275634765625,402.1038557909865,392.782259268476,394.6949204955266,13283967
2018-03-09,401.4882507324219,404.23637298120116,400.5868661651983,402.2797139318743,10638527
2018-03-12,409.0510559082031,410.28223395917274,403.44491926263026,404.5221780436031,8315150
2018-03-13,409.73260498046875,411.5573584635263,405.11578993817983,409.7545892549272,11148731
2018-03-14,408.50146484375,409.8205506904809,404.1704452784072,408.39154346914756,14724464
2018-03-15,400.91668701171875,408.6773714867615,400.1252530517518,406.7207121605015,12711836
2018-03-16,395.7502136230469,399.99329587911296,389.5944408403758,399.6854866939291,30814962
2018-03-19,393.7496337890625,398.76216623768994,392.21067573086674,396.1679629073655,12630833
2018-03-20,391.2432861328125,397.4869959374654,390.0341217346192,392.7822439861495,15192983
2018-03-21,394.36517333984375,396.76151805895245,392.78227616119017,393.4637886978802,14715126
2018-03-22,399.3117980957031,400.9826617944784,393.85955082567887,393.9694722069794,22129723
2018-03-23,393.04608154296875,395.728221801563,390.93553243556585,391.5950606869405,23469999
2018-03-26,396.2118835449219,397.6189064224407,392.4304710377456,393.0680443307231,13227705
2018-03-27,395.6402893066406,400.4549923552289,394.409140538242,398.89407945730454,15179544
2018-03-28,388.1214599609375,393.90350044850135,386.93427974844013,393.8815161732977,19160609
2018-04-02,392.6283264160156,396.14592760941275,389.79229640942697,392.6503106896868,12494499
2018-04-03,395.5303649902344,396.475718172684,389.24268619166367,391.7709658870762,13922126
2018-04-04,393.4857482910156,400.9166383628737,392.232615321624,397.7947834006433,14214534
2018-04-05,399.333740234375,400.1252034477274,397.2671597809828,397.97068589857395,8527915
2018-04-06,400.56494140625,403.86267098385076,397.9267694847711,399.24585544551053,9664888
2018-04-09,402.7633972167969,404.08251242890424,401.2464528798263,401.2464528798263,7813897
2018-04-10,403.22509765625,406.2370314163251,401.9499803418064,403.8186730872744,8455132
2018-04-11,409.2929382324219,410.12834070009694,402.7853872342242,405.31366696722233,13140816
2018-04-12,408.3475646972656,411.8431523766241,406.3689213009491,408.85320300777926,10822592
2018-04-13,412.8105163574219,414.0636494286388,408.34759096716544,410.10636238142484,12616816
2018-04-16,412.01910400390625,413.3162351385227,408.25970432558756,410.87589217030876,8934275
2018-04-17,415.1848449707031,416.4819758454091,411.55735169024786,413.3161523209842,9599816
2018-04-18,412.436767578125,416.92167706918997,411.1396366544429,415.62457549700974,7360987
2018-04-19,414.32745361328125,415.5146337526287,411.1176322253227,412.92040138394316,9802587
2018-04-20,407.9958190917969,414.12960823320816,405.0498673911544,412.43678962186937,7326696
2018-04-23,411.557373046875,415.228835066044,408.2596437067435,408.9191719638684,7674482
2018-04-24,426.52911376953125,429.013425149331,411.1176951693046,411.4694729562481,19921115
2018-04-25,426.7269592285156,431.69552279157006,423.67105694467574,428.1119979069819,14079382
2018-04-26,428.8594970703125,434.4216654685655,423.09944084321853,427.82620678159736,34096999
2018-04-27,438.0711669921875,444.53471994533214,433.3224168389882,435.2131231902759,25518647
2018-04-30,423.5611267089844,436.4442638257751,422.11010588427666,431.78348021065676,19406069
2018-05-02,427.6943054199219,430.5523199353733,424.33059386541703,425.1880099606535,13381914
2018-05-03,422.8136291503906,429.98070807246245,421.78033890105667,429.98070807246245,8634812
2018-05-04,419.4499816894531,424.176718485862,417.71316516392886,423.3632709136858,8302649
2018-05-07,426.9468078613281,427.9361296028641,420.50523907942835,421.6044821976347,7683268
2018-05-08,425.23199462890625,431.7835144308885,424.3965627774853,429.80487085965603,10792648
2018-05-09,429.453125,432.7948233025033,423.0994925642026,424.70440355736537,9831044
2018-05-10,431.4096984863281,432.92667206546025,428.37578067956395,430.90406019428417,8781584
2018-05-11,434.9712829589844,435.8726382057994,429.91475310958987,431.4536816629702,8774740
2018-05-14,433.80609130859375,436.15849689669636,429.4530872516334,436.15849689669636,5642499
2018-05-15,430.4423522949219,439.6979954408977,429.43104638001597,432.2451213935584,10501479
2018-05-16,420.417236328125,428.26585675676756,418.7903707423629,428.26585675676756,18840763
2018-05-17,415.6685485839844,422.11011731684533,413.97570069314287,421.824321739678,10353948
2018-05-18,410.6120300292969,419.25208522362976,409.7985824738615,415.77848159557163,11440117
2018-05-21,409.51275634765625,411.425446901046,405.4455482253105,409.24894505794754,14491208
2018-05-22,407.4902038574219,410.6780121275241,406.72072479870616,410.30427941259325,11310073
2018-05-23,401.1145324707031,407.1603840239931,399.75144875844427,407.1603840239931,9991028
2018-05-24,402.6974792480469,404.9619184876834,400.19121296080937,401.88403164552074,11632489
2018-05-25,404.8739318847656,406.0171435033568,402.08187033713955,402.7633828425202,17782410
2018-05-28,404.6980895996094,407.6001020993911,403.686783547481,406.6767331516649,11369679
2018-05-29,403.4009704589844,408.0397699209851,402.05990032352247,405.1817554488862,17878384
2018-05-30,402.8073425292969,405.92919747524854,398.6302130854391,402.2577356822106,13105124
2018-05-31,405.1158752441406,405.5335765468081,402.1259252336825,404.9619559390188,37080158
2018-06-01,409.1610412597656,411.44746465964994,403.8406703753189,404.5222122806992,19174278
2018-06-04,413.6899108886719,415.0749495950042,409.16103273512294,410.41416578861435,12250151
2018-06-05,416.6798400878906,419.91161647940135,413.7558435379996,414.54730676795157,17436812
2018-06-06,419.6478576660156,420.3513545348371,414.48140577808334,416.39409659320154,9164022
2018-06-07,427.1007080078125,429.14530436580736,419.66981730657943,419.86767578932023,14999572
2018-06-08,432.8168029785156,433.7841111323126,422.37394890621266,424.9022287263294,14289325
2018-06-11,432.0693054199219,439.67607040391886,430.4863788391981,434.0259646939955,15018718
2018-06-12,438.4449462890625,439.69807944767933,431.03603937244503,432.3990939176506,16285583
2018-06-13,440.7972717285156,442.29226111637854,435.08121352889714,439.6980286381466,12962502
2018-06-14,443.19366455078125,444.88648313201196,434.15786307013644,438.57681989400896,11997529
2018-06-15,445.9417724609375,450.03096528434185,439.3682976970795,442.3362630706637,24705890
2018-06-18,446.5353698730469,448.68988763121666,442.77594125853454,443.56740454866923,12363932
2018-06-19,437.9612731933594,446.20561164199324,436.9059692248665,445.8098653159325,13881382
2018-06-20,448.1622314453125,449.76714228658346,437.433611307361,437.9392496522937,15735681
2018-06-21,453.7463684082031,455.5271532789503,449.06357135773834,450.00892447730166,22988909
2018-06-22,445.19427490234375,452.53722816258426,443.4134899365319,452.1854504134907,35370008
2018-06-25,441.6546936035156,446.953050652031,440.70934042415786,444.7105958922529,11369371
2018-06-26,430.4423522949219,442.3361962694999,428.8154867327251,442.3361962694999,17649122
2018-06-27,427.5212097167969,436.17475776935953,426.12688301200467,433.1205591247422,19595831
2018-06-28,418.2701416015625,428.69424861566904,416.2118776803641,425.8170994633865,18770484
2018-06-29,430.442626953125,431.79269130556816,420.06278286054453,420.10704532798803,17425606
2018-07-02,425.1973876953125,430.3983754914588,423.6039092788918,430.3983754914588,14570004
2018-07-03,429.9336242675781,433.0984794484109,425.0867361670919,427.1450000737451,11084063
2018-07-04,438.2552185058594,439.0962349919258,429.80085027017634,430.1549500336946,10938521
2018-07-05,426.9236755371094,446.35546030550455,424.3121308417971,441.30939123835054,40946479
2018-07-06,432.7001037597656,435.1124673438082,426.9236744411174,427.03433061032035,20039239
2018-07-09,441.3536376953125,442.63727876250505,435.33376500734437,436.9272728855685,11309207
2018-07-10,454.0130615234375,455.252440135157,442.63728258968735,443.8545299681209,22846197
2018-07-11,459.8116455078125,460.74118690119207,450.538392356147,453.7032475214379,18953870
2018-07-12,479.0885009765625,486.4584091561324,461.4936666241952,462.2682894064279,52736376
2018-07-13,486.8125,490.88476515910867,478.04826559542386,478.26960747836455,39301408
2018-07-16,476.3663024902344,490.8405441035162,474.97197556521667,486.81254107161766,14427529
2018-07-17,483.51483154296875,485.10830981860164,473.44482535470144,477.2957779713499,14150770
2018-07-18,483.6033630371094,488.937137840134,476.85313025017547,486.1927763505536,10241565
2018-07-19,489.0478210449219,493.54057970862004,480.8590281363584,483.9353582855338,11885426
2018-07-20,499.5826416015625,503.94258356066035,492.16844145922533,492.8324080601286,17538801
2018-07-23,495.8865661621094,500.09161892617885,492.69960928487313,500.09161892617885,12779803
2018-07-24,491.7479248046875,498.74157205480844,490.1765480908057,496.6390752711268,9775749
2018-07-25,493.6069641113281,497.0816859521699,488.7601057972345,491.32738797163836,13014255
2018-07-26,491.6150817871094,496.41773661036893,490.3535719647022,491.3716382253252,14053674
2018-07-27,500.1138000488281,503.4557052518658,492.27910630153576,495.5324865625892,14610585
2018-07-30,509.652587890625,512.2641325666103,499.29487502620094,500.1801243755461,30344461
2018-07-31,524.9677734375,526.9153809461602,507.77136298220756,509.4754973915056,30350826
2018-08-01,527.778564453125,532.4484024548143,524.702234357026,526.915416799906,21227054
2018-08-02,517.1552124023438,527.4022972477499,516.0929133280641,527.4022972477499,13668930
2018-08-03,520.9620361328125,523.8613167444269,517.6864949546758,520.0988883654771,14536058
2018-08-06,527.8892822265625,529.3942061942307,520.253799380158,520.8513131725515,8785462
2018-08-07,524.171142578125,531.7845241149437,520.9841264153655,528.9073452550091,8879612
2018-08-08,538.99951171875,541.1241695701573,524.5252690256458,524.5252690256458,17307566
2018-08-09,539.110107421875,545.196344330461,536.476402010622,540.6814545371221,14976885
2018-08-10,533.0238037109375,537.8043273307189,532.1828168559637,536.0337695932534,7833494
2018-08-13,525.7203369140625,531.1426369232181,523.507154442885,530.080278607436,10211072
2018-08-14,535.8567504882812,538.7781325107724,524.2153666760712,526.7383864812343,11592139
2018-08-16,531.5188598632812,538.2469915795908,529.1728898946021,532.6033790044269,13086024
2018-08-17,532.82470703125,537.9814325957946,531.186936523282,535.1485162859524,8379864
2018-08-20,546.6129150390625,547.4539020795576,534.5510062590463,534.6616919962993,16639535
2018-08-21,552.0572509765625,553.9605963018237,543.1159955616758,547.6530465225219,15923396
2018-08-23,561.9059448242188,563.9199166673336,548.162064380408,551.658858450267,17429373
2018-08-24,565.4691162109375,566.5535761373131,557.7451093330017,560.0468165790594,14550512
2018-08-27,571.666015625,573.5914622985424,566.0224038969507,566.3100803565542,12188510
2018-08-28,583.838623046875,585.6091808781202,573.2153351548222,573.6579598387789,19018790
2018-08-29,572.8612060546875,588.2650186194802,571.090707226938,582.6435075551111,24230135
2018-08-30,564.1190795898438,574.1669544597751,562.3485219230006,572.5955483345114,21545859
2018-08-31,549.6006469726562,562.1493822055606,547.3653036011001,562.1493822055606,33479841
2018-09-03,544.0676879882812,556.7935328284533,542.69549225871,551.0834966452451,26686176
2018-09-04,549.7334594726562,555.4213348490787,544.0013216243439,546.7234931932902,19333815
2018-09-05,543.1160278320312,554.4696772047962,534.9272339284342,549.9768884474632,22584608
2018-09-06,558.3426513671875,560.2459965298393,542.3855889134629,544.5102464095141,24487897
2018-09-07,565.9560546875,567.1733021176628,555.2885043132686,559.8919192232029,23389269
2018-09-10,555.8861083984375,565.2478869312699,553.340927676357,564.3625784170837,15440786
2018-09-11,547.85205078125,561.4410392269359,546.3249664132353,557.2802499315071,23787332
2018-09-12,554.4031372070312,557.1474687637203,543.9347406162751,554.0932408982546,17642490
2018-09-14,554.6908569335938,564.6280456958488,552.2563624002771,557.457349483421,17233514
2018-09-17,542.6290893554688,553.6286379041651,540.7257440969619,553.6286379041651,14773803
2018-09-18,538.7560424804688,548.6047680603691,537.516693197136,542.6734192038545,16660044
2018-09-19,535.923095703125,541.7880203228374,531.607416524799,541.7880203228374,24642640
2018-09-21,538.910888671875,547.7193557926669,523.8612365552019,539.5748256622617,41713856
2018-09-24,545.3512573242188,548.82594937841,533.1565644174077,537.5608273075529,22098277
2018-09-25,544.70947265625,551.0834453269367,528.951561303614,546.878392681093,21250513
2018-09-26,553.916259765625,555.0449821591765,543.1823461846037,548.4275959714746,13992341
2018-09-27,554.9564819335938,559.0509078246089,547.7636242912354,555.5097923127173,23642923
2018-09-28,556.8155517578125,562.9018475967209,552.1014514445271,557.6786993825865,24220992
2018-10-01,545.1962890625,556.7048838080634,532.9352324594645,556.7048838080634,16039441
2018-10-03,533.4221801757812,548.6932041353247,531.1868960326858,544.2225767537168,16135428
2018-10-04,496.74969482421875,526.915423306167,489.55683702218835,526.5170610987046,50774608
2018-10-05,464.2601013183594,493.67333663354873,459.5238698269349,486.6796898804231,47998260
2018-10-08,491.06182861328125,494.4258648450093,453.9466852504677,464.7691837675426,53983473
2018-10-09,482.49676513671875,497.2144483003737,478.5794188244638,496.4840880859601,24042005
2018-10-10,487.83056640625,493.91683291284284,479.9516108884304,484.2009259167395,20784941
2018-10-11,481.5008544921875,493.42991434329895,461.67070791989903,470.9660918957569,28926389
2018-10-12,498.6530456542969,499.73750566790204,487.74205181625126,489.092086637831,19814528
2018-10-15,504.4958801269531,507.66073530336155,494.93492089423233,500.1358791922086,19406012
2018-10-16,515.1412963867188,516.7347451698961,504.60647485877587,507.262341021569,16358598
2018-10-17,509.60833740234375,522.0242848435612,504.60650117471573,521.8693957514935,27967162
2018-10-19,487.4764404296875,491.7700475018947,473.73256019501423,486.9010283540417,55606079
2018-10-22,470.3685302734375,493.4520573561572,468.0225603769544,491.3273997993972,28798142
2018-10-23,466.84954833984375,471.2759130683031,461.95839817722594,465.9864007172986,23128845
2018-10-24,462.8880310058594,476.2556823123393,456.53618868242484,475.79089678629776,29869514
2018-10-25,456.2705078125,460.63050852172944,449.896535320371,458.5722447244144,30833933
2018-10-26,462.5116882324219,467.86762393617505,452.37531752942397,457.20004454263693,20085933
2018-10-29,481.5008544921875,484.1787928343291,462.9986114742478,462.9986114742478,16781215
2018-10-30,467.8676452636719,480.4828032954299,465.6986956749193,480.4828032954299,19263668
2018-10-31,469.7488098144531,471.784942364411,463.44123106576563,468.75287477267574,35999348
2018-11-01,467.5356750488281,472.69240064888663,464.7692115212689,472.69240064888663,20552752
2018-11-02,475.7908020019531,478.4909010289118,470.5898145896325,472.2939785994359,36739798
2018-11-05,482.60748291015625,483.6698117450583,471.4087528995298,475.14904983069204,16585905
2018-11-06,488.7158508300781,492.2126744103127,483.18286509903413,484.24519386814285,18886485
2018-11-07,491.6372375488281,493.54058276769933,489.8667092816277,493.54058276769933,2808599
2018-11-09,484.0017395019531,493.00941737855555,480.2614724335663,489.66751250930923,23712291
2018-11-12,478.0482482910156,486.3698281761939,475.6358848288891,485.88294105630706,12690610
2018-11-13,486.6575622558594,488.2289093220157,473.6440133349889,475.3924398100861,14899604
2018-11-14,485.99359130859375,492.5003509359988,480.4827666892778,489.1363149600316,17034346
2018-11-15,485.5067138671875,488.228914608546,480.92540091962326,485.5509763329752,14943663
2018-11-16,499.029296875,500.1580193355547,485.6173852021472,485.993616173096,24131016
2018-11-19,509.0329284667969,509.785390436092,500.6228230165289,501.4638099233881,15987574
2018-11-20,503.4555969238281,511.6443886770833,500.1800565843624,506.8196621862303,12511640
2018-11-21,492.6109924316406,507.0409987769315,490.02157921632835,503.4998834990643,16422494
2018-11-22,488.16259765625,498.12194950131465,486.9453501080115,493.319323469768,12670591
2018-11-26,491.21673583984375,494.6471656942796,485.7501733968261,490.88476733552335,13969873
2018-11-27,499.3833923339844,500.1801167362265,489.31338566189805,490.3978456459913,14896607
2018-11-28,510.2059326171875,512.4633777053549,498.5424466298489,501.26461810998876,17507771
2018-11-29,517.2217407226562,522.2677805414729,513.4593125460436,513.9019372502519,27640198
2018-11-30,516.8011474609375,524.9677789775235,514.4772794365788,518.9036440678603,23443212
2018-12-03,511.887939453125,520.0545716674077,508.36892549379166,520.0545716674077,12182825
2018-12-04,510.0508728027344,512.573892161437,505.58024607520326,512.573892161437,11358720
2018-12-05,511.3124084472656,512.9280769901476,504.29660122667514,506.26636947361516,12729759
2018-12-06,497.36944580078125,508.590247631458,494.9791838295669,508.590247631458,12831451
2018-12-07,501.8621826171875,503.2564799606335,490.5970590522248,499.9367356372707,15779984
2018-12-10,482.5853271484375,493.23074619157273,479.4204720397295,491.3274009700011,20521072
2018-12-11,485.8165588378906,487.8305601586093,466.98234748758017,471.8513369923307,29518062
2018-12-12,491.5487060546875,492.8766391720069,481.4787287925514,486.45837456551925,27572962
2018-12-13,490.0216064453125,499.29485901164674,484.7099627810662,499.29485901164674,20337275
2018-12-14,492.3012390136719,493.4963552817547,483.2714289747968,488.2732359504635,15795834
2018-12-17,500.1358337402344,501.5080292498539,491.9913333510003,493.961072137774,11077711
2018-12-18,503.0130310058594,504.16385513832273,495.9750624295153,497.2144705906611,12841994
2018-12-19,503.1900939941406,507.8377713026574,501.596586058375,505.2704890755681,16118419
2018-12-20,499.4940490722656,501.2867084210237,494.0495886865368,496.1963477490829,12609700
2018-12-21,486.9895324707031,500.7334121178466,485.1304498257496,497.96691938314893,18115814
2018-12-24,482.098388671875,488.31744243820066,480.94753500685727,487.299376171334,9065704
2018-12-26,486.1706237792969,486.9009839718279,471.69638460488085,480.61553689376444,15771193
2018-12-27,495.8422546386719,498.85222043678067,488.671558052731,490.0879864744526,27294221
2018-12-28,498.2104187011719,502.50399626800674,496.2849127090147,498.1882579195662,16768547
2018-12-31,496.30706787109375,501.8843160362173,494.0717541773984,500.6006453893138,15799099
2019-01-01,496.19635009765625,498.98500354776144,491.37162328363314,498.0775934791784,9746670
2019-01-02,489.7339172363281,498.8522514846727,487.343655344541,493.31926575244586,15628818
2019-01-03,483.6919250488281,493.36354038015054,482.5189400816617,490.22081646225075,16288287
2019-01-04,486.303466796875,488.8707786063825,478.535196761192,485.7501859420517,18516544
2019-01-07,489.0035705566406,495.06770606812256,487.3436688813243,489.9995056522885,12060290
2019-01-08,488.9592590332031,491.30522873951855,485.1304376755269,489.15844012280803,12304389
2019-01-09,491.65936279296875,494.425855651597,486.32558772693704,492.21267318377784,12614237
2019-01-10,490.22076416015625,491.7700094933411,488.2288941876079,490.33142031999716,8925160
2019-01-11,486.0378723144531,493.0094176370213,481.85495103045383,490.26505606504674,14139060
2019-01-14,485.484619140625,487.12236004562834,480.8811746140079,484.6878651488265,8994060
2019-01-15,500.0252685546875,501.0654661570828,489.11424457328434,489.11424457328434,22011407
2019-01-16,502.7916564941406,506.81965865046504,500.3350012566799,502.3932352482971,13961606
2019-01-17,502.14984130859375,508.10329031075617,500.18007306524106,506.5762057920811,16379077
2019-01-18,524.2374877929688,526.6941435340066,502.5040239545783,508.5017364096409,56181172
2019-01-21,547.85205078125,548.8479856465474,526.1406943559281,528.5088245319836,48206814
2019-01-22,546.7234497070312,551.9465982608722,539.8404290416297,545.7054129345357,36207430
2019-01-23,542.80615234375,550.7293708515431,540.9028070392636,545.9045843376497,19313542
2019-01-24,552.16796875,554.7131495923924,540.0618573513148,542.2307776252353,28775487
2019-01-25,551.5260620117188,559.8033797795792,546.8341222864655,553.4958304499542,18703992
2019-01-28,544.24462890625,555.9302737653469,541.0797741438378,553.5178808774523,18744303
2019-01-29,535.8788452148438,545.1742589755294,531.7623174984154,544.8865233857091,20405845
2019-01-30,529.2614135742188,542.2307307181926,527.2252808955305,537.8043656072043,17164298
2019-01-31,543.182373046875,544.3110954962458,531.6074129717023,532.0500376390211,22279301
2019-02-01,553.2745361328125,555.5098796864428,543.1381933253141,546.2145238749713,20187323
2019-02-04,571.4004516601562,574.0784193450475,549.7776177383931,551.9686392293681,25528059
2019-02-05,571.6881713867188,577.3761052108845,565.9560341911196,571.8873820352513,20479210
2019-02-06,579.9655151367188,583.2410560216659,572.8833428361716,573.7685922129579,20586783
2019-02-07,571.1791381835938,584.8123314865187,569.2757931615276,579.9654440045323,20150710
2019-02-08,565.5577392578125,575.6498783770401,563.1453458844361,568.7004338733668,14230054
2019-02-11,554.7351684570312,564.8052045928157,553.7392334148291,564.7609421263937,16457901
2019-02-12,556.1294555664062,563.189525666057,553.9605356558238,553.9605356558238,13998153
2019-02-14,541.8765258789062,549.3128564552972,539.1321939259117,549.3128564552972,14496604
2019-02-15,550.8399658203125,553.2523589386116,537.3616603663344,544.3332058212081,20994460
2019-02-18,540.061767578125,554.4032201240432,537.8043227333932,553.2965993868063,21106139
2019-02-19,538.2911987304688,548.7374358904422,536.1222788619095,539.1321855608721,13658461
2019-02-20,546.3692626953125,548.8701804018691,539.5747680518498,541.7215860680074,13776558
2019-02-21,551.9244384765625,556.7492248237998,544.1561684297326,547.0997112247437,23142949
2019-02-22,545.4840698242188,551.2162068932724,542.673314598179,550.9063696321634,19152470
2019-02-25,545.4619140625,550.1981752407047,540.3051890023434,547.0996844102749,17176522
2019-02-26,540.1281127929688,546.568508156536,533.8205639171774,535.3697501614166,22160532
2019-02-27,541.566650390625,551.0391128042148,535.1484160679546,543.5806810693128,24308835
2019-02-28,544.90869140625,548.8039072567752,542.9168210075819,546.1038372836208,24688859
2019-03-01,542.6953735351562,549.9103912857396,541.0133999644827,547.5422609049652,17329606
2019-03-05,547.8301391601562,548.7818118970608,539.3978719497628,541.5225297931514,15577500
2019-03-06,559.8475952148438,563.5214978834231,546.70128895691,548.7816838409304,26332276
2019-03-07,562.260009765625,566.4871638440499,556.9040741791548,559.4935170418076,17738092
2019-03-08,560.8657836914062,564.1191639460266,558.6083385798502,560.4009981991971,13211934
2019-03-11,577.2432861328125,580.7400799174743,561.2640637135738,562.1714737819083,21258869
2019-03-12,589.30517578125,590.4781607218365,581.7360574304449,582.9090423710314,24561597
2019-03-13,596.3651733398438,601.9866242361073,587.8665442066667,591.8060215375222,24577591
2019-03-14,593.820068359375,602.8720089653071,591.4076752180963,597.4497089144025,22753310
2019-03-15,585.0115966796875,601.4555465859182,580.3860210833575,595.3471487793354,34764353
2019-03-18,597.58251953125,601.079372818546,588.26500375624,589.1502531477479,22104063
2019-03-19,609.3124389648438,610.8395237390288,594.5061994229327,601.9867341954044,21448030
2019-03-20,608.825439453125,614.3805267326183,603.7572393047114,609.8656369626848,21639437
2019-03-22,593.9085693359375,611.2378271135251,591.6732852516752,607.5196617727818,25078643
2019-03-25,586.2509765625,591.7397001118269,582.8205465049533,588.9732071022316,17394088
2019-03-26,605.19580078125,607.1212474376593,588.7075312750372,588.8403186618444,20734876
2019-03-27,597.2283935546875,609.9320763376186,595.0152110776627,609.9320763376186,22079870
2019-03-28,601.9866943359375,606.3245934275687,594.3733726565703,597.6710151211328,22930248
2019-04-01,616.0846557617188,622.7020415427161,603.1153998752498,606.4130419241452,22088854
2019-04-02,615.133056640625,621.0644045184021,610.8837416081006,618.806959600837,17526740
2019-04-03,608.71484375,621.0201646238312,607.2983856558683,616.4831138425319,17169813
2019-04-04,598.9103393554688,612.4771678327015,596.3429984151883,610.3967730610038,18320845
2019-04-05,599.2865600585938,603.7129245119522,594.4618334416068,602.4071523167985,14717266
2019-04-08,588.3756103515625,600.8801417011313,585.9190138260517,600.2162046801037,19081843
2019-04-09,590.6773071289062,593.4437406042086,584.7237990427792,588.2206517980837,20774977
2019-04-10,589.3272705078125,596.6750764335661,587.1583505228762,592.2265507481526,16651949
2019-04-11,596.1439819335938,598.888314244937,588.2650256739382,590.0134228350183,12558520
2019-04-12,594.506103515625,600.6145007223635,591.65108599662,597.5602725712885,12948769
2019-04-15,593.2003784179688,597.0955936790656,590.9207727394057,595.347137600993,9285737
2019-04-16,594.7938842773438,601.9866828312216,593.1339531383726,595.3471355615848,17360317
2019-04-18,613.47314453125,615.1551181712927,604.1998923495519,608.6262569615424,39286534
2019-04-22,595.5021362304688,605.085227013863,593.7094175338176,601.9867358910117,23607922
2019-04-23,603.6908569335938,607.7409611357401,595.7898000746608,596.67504937718,19807450
2019-04-24,615.0444946289062,617.3904643392481,604.7531466235507,606.5458650761914,16101112
2019-04-25,607.4754638671875,625.180984035765,603.1376235404474,614.8675328682084,30469914
2019-04-26,616.505126953125,617.8994831602779,606.7228863920471,608.6262313685243,15069884
2019-04-30,616.505126953125,618.0986346931494,604.9965912649715,618.0986346931494,22348580
2019-05-02,621.9276123046875,625.8449296649861,611.7690500980633,616.1511529555673,18992003
2019-05-03,623.6095581054688,627.4384094458284,620.8652259081734,623.2111958810029,14240262
2019-05-06,613.0084228515625,620.9316411509761,609.9984567813605,618.8069835524767,15832114
2019-05-07,594.6831665039062,617.4789856008622,593.2224460908922,617.3904606725227,19417647
2019-05-08,575.1849975585938,593.1339293378248,571.9758802189367,593.1339293378248,31958919
2019-05-09,556.1516723632812,570.4709655524047,554.0712771743898,570.4709655524047,42670173
2019-05-10,553.8056030273438,565.5576117490074,551.083372962911,559.9361017716008,24557430
2019-05-13,545.3512573242188,558.0770407016413,543.3372265765931,552.3670646760603,17603659
2019-05-14,557.922119140625,561.8615963834152,545.1077524862425,547.3209346445572,28438234
2019-05-15,556.350830078125,565.6905068440055,553.5622353372404,563.4773242204387,24419559
2019-05-16,560.0911254882812,562.9904057923432,556.8820079074782,557.700893115146,14451308
2019-05-17,560.99853515625,565.2256894999022,554.1818786920556,560.8214852839767,17276949
2019-05-20,586.892822265625,592.1159710878152,576.9777333643875,581.4484201856392,26979100
2019-05-21,593.0455322265625,605.0852798140645,588.7298523372574,589.681525082843,30343560
2019-05-22,593.3109741210938,601.8538661321671,590.96500441242,595.6348421452735,24689918
2019-05-23,590.4338989257812,616.1511018080408,586.4944211091025,607.2983718851489,38766006
2019-05-24,591.7396850585938,599.2423803435563,582.7320067411391,596.6750980613658,22269265
2019-05-27,580.1424560546875,592.0273108261551,578.526846697773,591.8502609840499,16076686
2019-05-28,585.9411010742188,590.8322514138105,581.3376863176912,584.1927040808862,42594251
2019-05-29,581.204833984375,590.168248475365,577.2653566726345,584.7237883590988,15558515
2019-05-30,588.5970458984375,594.0193465659813,582.6214347720608,582.6214347720608,23494381
2019-05-31,588.7739868164062,593.9749741568739,584.3697238404902,592.204416473568,25724066
2019-06-03,602.0752563476562,605.1958488284881,584.8123628335076,590.920760397822,18556942
2019-06-04,598.2906494140625,608.2942618509585,596.7193023793029,600.8579314460692,15442761
2019-06-06,587.5345458984375,602.8276698129105,584.7680533662309,602.8276698129105,16764835
2019-06-07,582.0238037109375,587.4903663054001,577.9072759524873,586.9149542153037,14722419
2019-06-10,583.9049072265625,587.3795991628351,579.8990657422914,584.6795298650989,11768468
2019-06-11,588.3314208984375,590.6995518771265,583.3960664531697,585.100201233008,11492074
2019-06-12,589.6593017578125,592.4257947525115,586.4944465364875,590.7880242809626,10297599
2019-06-13,587.4903564453125,590.787998934032,579.2573010665908,588.7076038554885,15686169
2019-06-14,583.1967163085938,586.4943584434794,579.5892369328708,585.1221629957886,14942768
2019-06-17,567.59375,584.281171161653,565.911717325974,584.281171161653,14908257
2019-06-18,567.0184326171875,570.0947629240811,561.7510214030443,566.0888616521408,16797371
2019-06-19,565.40283203125,576.3138572230068,558.8739691826669,569.6300461630824,14492763
2019-06-20,573.9899291992188,575.4285481413866,565.690509101577,566.5757585163682,10748848
2019-06-21,566.3543701171875,573.6579131902394,564.605973210025,573.6357524101344,23236832
2019-06-24,558.7853393554688,565.0043637095691,556.4393695082755,563.1010185325224,11267228
2019-06-25,573.5914916992188,574.543164242957,555.1777744289116,557.2360676913559,14966899
2019-06-26,572.8390502929688,577.4646257823792,569.3864597139271,571.4447530500222,11593027
2019-06-27,563.986328125,574.0563053208624,562.5919717680536,572.3964332567001,24905533
2019-06-28,554.6688232421875,567.8372915725133,552.699054776036,565.2921110232309,18942165
2019-07-01,561.640380859375,563.3223546770223,551.7252923519377,556.8598569334886,13478857
2019-07-02,565.911865234375,567.018486183894,559.1837918752126,563.8978931122131,10146746
2019-07-03,567.7044067382812,569.4528627467002,564.3846627720479,567.859354913293,8806492
2019-07-04,568.3462524414062,571.4447432351052,566.5756947157804,567.1954283317691,9351405
2019-07-05,559.205810546875,571.2234546184956,557.7229883348122,568.8331631776572,10926753
2019-07-08,554.2040405273438,561.3083734997786,552.4999059557646,556.8377460255429,14009219
2019-07-09,566.6199951171875,568.1249781490415,551.3047672725918,552.8318519910956,17535754
2019-07-10,566.0668334960938,570.714511638792,561.5740444707427,566.5979832048756,12018196
2019-07-11,567.2617797851562,570.913580866762,566.265844780248,569.6741727579423,8608376
2019-07-12,566.797119140625,575.4285371516787,565.7125999850862,567.9036808879804,15692436
2019-07-15,564.8494262695312,570.7807145325879,562.3042459909406,568.7888445920233,10659498
2019-07-16,572.3300170898438,573.1710630706701,565.2699466652127,566.5536173225701,10070773
2019-07-17,567.3947143554688,574.1006863406953,566.5758289972086,572.9055403866322,9482233
2019-07-18,558.5418090820312,569.4085686468941,556.8376747286476,567.4609612021368,11942908
2019-07-19,552.8540649414062,563.4551931292556,550.0654109581495,561.3526961190137,16336536
2019-07-22,566.797119140625,568.5676179363936,543.2487760118573,553.7392768538886,29092589
2019-07-23,563.720703125,572.7283212128182,557.8999823849913,568.7888438003976,20316348
2019-07-24,557.32470703125,566.044650794516,554.8680510801075,563.6986805761317,15189179
2019-07-25,545.1077880859375,561.7288456848177,543.1159181038291,559.4935026021844,21805071
2019-07-26,537.273193359375,549.9768774552333,535.5911603200976,545.1078873216514,20387504
2019-07-29,536.0115966796875,540.9027468061763,533.4221538311792,538.6453019932452,17626045
2019-07-30,522.7103271484375,540.0174823559394,520.5193056422527,537.3395146524581,20853117
2019-07-31,516.2257690429688,524.5251884932695,514.5215754092878,520.4308216260823,21229950
2019-08-01,522.4226684570312,525.9416230925917,509.1877776603354,514.9641771223088,22628222
2019-08-02,527.3842163085938,533.5738082205122,517.4764342690546,523.532441715617,23766807
2019-08-05,509.12713623046875,519.6583111824154,502.2918571615806,519.6583111824154,30399133
2019-08-06,502.4255065917969,511.9103009753535,499.62017334179836,505.29766180019584,29067994
2019-08-07,494.0094299316406,506.9897732425716,491.20406705572293,501.62398206269296,25349369
2019-08-08,513.1348266601562,515.6506970351464,487.7307721921939,493.54184479656,31198568
2019-08-09,517.4764404296875,523.4433916370499,513.1125622758229,517.365149765636,21970009
2019-08-13,567.6388549804688,580.1293294107402,545.9307552314694,549.1146074833171,104827144
2019-08-14,573.6503295898438,580.8640689784442,570.1324864795871,580.6637220080089,31688983
2019-08-16,569.0859985351562,575.231061711341,566.8595315394489,574.9638928058723,21977767
2019-08-19,575.5873413085938,577.4575832737376,569.9766154131626,570.4441907669835,16317602
2019-08-20,568.1731567382812,575.5873021365318,566.6814339182407,574.3405138780473,14969299
2019-08-21,565.94677734375,569.3755644859428,563.9652445438119,568.0396602662252,10677848
2019-08-22,555.1705932617188,565.9689379340402,551.6750440617036,565.9467035825179,14031953
2019-08-23,568.1287231445312,571.7578573189937,546.1534522047871,551.7196504927152,21307915
2019-08-26,564.0987548828125,576.2107097858199,560.6254400381222,576.2107097858199,19202504
2019-08-27,567.6834106445312,572.2031077629373,561.605109128187,572.2031077629373,28401906
2019-08-28,562.5402221679688,570.4219432426154,559.3118418211694,567.1935628958161,11605488
2019-08-29,552.9441528320312,561.1820993687841,550.0719976379863,559.4899700160746,18890222
2019-08-30,555.9721069335938,558.5770931023615,543.7042736035451,554.6139685195744,24735240
2019-09-03,537.2029418945312,553.5007204611325,534.3530213828047,553.1667296097228,18730619
2019-09-04,534.8651733398438,536.6908871128855,528.1412437026385,534.5980044145409,32949395
2019-09-05,533.7296752929688,540.2309641543467,531.3696236710425,537.3811028363892,22995486
2019-09-06,544.3721313476562,547.2665798974994,532.2378839179241,535.68890459839,23186819
2019-09-09,544.2387084960938,549.0478688574274,540.2088206891691,543.5484922650372,11747929
2019-09-11,549.6712036132812,552.1648395776373,544.3721751701554,544.3721751701554,12127900
2019-09-12,538.9619140625,552.3652459694027,536.8913250448002,549.9384316970572,11880005
2019-09-13,545.752685546875,547.0440021410868,537.4256821215511,539.6966776511717,12947715
2019-09-16,539.1399536132812,542.8581433798865,528.1634374665119,529.4548132897087,20547730
2019-09-17,533.217529296875,539.2513017834867,531.4586376216965,539.2513017834867,15640772
2019-09-18,536.8912963867188,541.6113996591116,533.1062843578578,536.5573055032447,14933909
2019-09-19,525.0242309570312,538.6724986508389,522.174369219307,537.8486979520125,13766222
2019-09-20,558.5548095703125,565.4791456790705,522.9090409219021,528.9872826439796,48165560
2019-09-23,551.8086547851562,570.4219587525063,549.9384128123469,567.3716909391333,21610844
2019-09-24,569.3977661132812,578.3481633555577,553.3894480019216,553.7679670566171,34958974
2019-09-25,569.7762451171875,576.6560528769686,565.0116138141937,571.7577776639475,18192270
2019-09-26,577.4575805664062,578.3481436646135,571.5351576129076,575.3201696805687,18350457
2019-09-27,582.912353515625,585.5618675686828,571.7577251633637,575.5427367462845,19058663
2019-09-30,593.2431640625,594.8017086894001,581.3537918703602,583.3353836274489,25263770
2019-10-01,581.0643920898438,597.5848106628989,575.8989485514377,595.3583438041417,17920384
2019-10-03,583.8030395507812,585.4283468989939,570.5555272924099,572.6484099833085,13524851
2019-10-04,582.4893798828125,591.6179488730752,580.5969035775893,587.7438805028344,14992253
2019-10-07,583.3800048828125,588.1446363696328,579.6395209613231,582.4893823323844,10061584
2019-10-09,589.903564453125,592.2191475563906,575.5428471529523,582.7566465089587,17588647
2019-10-10,606.8247680664062,609.6078075068975,588.2336983910574,590.0148840590675,35006390
2019-10-11,602.3049926757812,608.0938310517881,595.1580158763934,607.2477366748323,16597126
2019-10-14,604.7095947265625,607.8043907217964,601.525742419961,607.8043907217964,13394275
2019-10-15,607.4481811523438,610.0531675022813,603.0620090789482,606.7134368395299,9672791
2019-10-16,611.0995483398438,614.3501629165811,607.2477145302422,610.0085788805053,19403660
2019-10-17,621.8533935546875,622.9666568670059,610.9436984546371,612.2796025393912,16038940
2019-10-18,630.6924438476562,635.8355938604333,622.8330172017672,625.1930686305542,28121951
2019-10-22,629.7128295898438,639.820957644229,624.9036109424554,634.5442231374791,27786502
2019-10-23,620.0276489257812,634.967289889059,615.9087056654171,630.6702340196068,18446160
2019-10-24,639.6429443359375,641.8471773227659,617.4227990871318,623.8572665160877,22642488
2019-10-25,637.30517578125,641.8694010565094,628.4215409194215,641.7135822318234,13539957
2019-10-27,638.6632690429688,643.4501942145495,636.7707333262263,641.6690086076726,3014841
2019-10-29,653.2688598632812,659.0354038930602,642.1587595021489,643.6727760468857,25768505
2019-10-30,658.6347045898438,661.0615781305346,650.2631739322103,659.0354579712998,16341366
2019-10-31,652.066650390625,663.3326309021771,650.8866244956587,660.8167008364321,19463741
2019-11-01,648.7491455078125,650.931084439674,641.6689908799688,647.9031106067357,13904301
2019-11-04,649.0831298828125,655.0277868325503,643.4946981510161,652.7567916180376,14063434
2019-11-05,644.474365234375,654.1149784345749,641.6690319851688,651.5100516103723,12685356
2019-11-06,638.95263671875,644.0957868351248,636.1027755766117,642.4259514311492,14625505
2019-11-07,649.506103515625,651.4653419924731,637.7503159537579,638.9971635255183,14084039
2019-11-08,643.6727905273438,649.9736724969666,641.8025487418026,645.2313352569838,12019353
2019-11-11,635.7910766601562,643.1161656257182,633.4532595413081,640.8228766581775,11357841
2019-11-13,655.6066284179688,657.2097012891945,636.770685668936,636.770685668936,25225749
2019-11-14,651.3541259765625,659.7478907611141,648.2593302163147,657.254254782022,14258133
2019-11-15,654.9611206054688,662.0635700076792,651.5323334784945,652.6455968983422,15691605
2019-11-18,649.7733154296875,661.7071569205408,648.081186273856,655.7625002501892,14076051
2019-11-19,672.282958984375,674.5762480267925,652.3560458473484,653.2466089025762,30176255
2019-11-20,689.1596069335938,700.1806517569983,687.1780744035942,692.4548091499332,43538120
2019-11-21,684.6843872070312,692.8778052437542,680.6545001439249,687.9795894631586,14897371
2019-11-22,688.6474609375,698.8892327274816,684.6843366720202,686.6881628798455,22352865
2019-11-25,695.3491821289062,696.796376789713,690.651313481399,690.7181354342704,15146156
2019-11-26,694.7703247070312,701.9395355965804,692.8777890541031,698.2658738469718,35330983
2019-11-27,699.045166015625,701.561095873568,692.9223368095898,694.6367599013516,9642739
2019-11-28,703.6984252929688,705.4127887362664,696.4178649335888,700.291873305439,13747479
2019-11-29,690.7181396484375,704.4331672085468,689.2486511776627,704.4331672085468,18559594
2019-12-02,706.4593505859375,718.9052971997955,702.2290568533912,712.4708300137888,31225364
2019-12-03,703.0750122070312,709.7989413715627,700.2696792384197,709.2423692080436,12990426
2019-12-04,691.4083862304688,702.4516656991397,682.9700335019947,700.4478393142873,20987607
2019-12-05,690.5845336914062,703.4535259601828,687.5342661895404,700.8930681166133,19942460
2019-12-06,692.3880615234375,698.2214285325554,686.2429974104203,691.5420265271395,13085234
2019-12-09,700.2697143554688,702.4071251649631,688.6475096381411,692.9446250588585,12642677
2019-12-10,695.52734375,700.7150224336392,692.0540287591915,700.0248063059641,10173333
2019-12-11,695.727783203125,701.1158091150277,690.4732823124417,692.6997496186247,12364641
2019-12-12,698.3104248046875,700.8263546736185,693.1672744072167,699.2232816841165,10326606
2019-12-13,704.8561401367188,708.0177575059589,700.1805657541641,703.5647644105263,12668303
2019-12-16,697.597900390625,709.7543823594526,696.595987309666,708.9083475255876,11892718
2019-12-17,695.861328125,703.1195956735934,692.6774758966036,697.664748110966,20324601
2019-12-18,701.7169799804688,703.5649282550722,695.549681497034,695.9949630752343,14742077
2019-12-19,716.9014892578125,719.1057222184004,699.9135513793175,700.7595863676426,20507816
2019-12-20,712.070068359375,720.2857211455093,710.7341642408371,719.1502234523015,21271510
2019-12-23,699.7354125976562,702.4739238931126,693.6794050834533,694.703552662622,25107772
2019-12-24,688.6253051757812,700.0248101711578,686.8663538680914,698.6221435556297,18048449
2019-12-26,674.7988891601562,691.5196564072455,672.461071963697,686.4878562421779,29761019
2019-12-27,686.7996215820312,688.5139853597664,677.4261769632532,679.9643413744825,17677571
2019-12-30,687.6233520507812,689.1596030429098,680.4318473193537,688.4026244475469,17123749
2019-12-31,674.1976928710938,687.4006758831533,671.5259443984595,686.6436378766443,22203005
2020-01-01,672.2161254882812,680.0087898882745,670.3904712564104,675.9566091562889,14004468
2020-01-02,683.6602783203125,686.1762083080744,673.2849207275859,673.2849207275859,17710316
2020-01-03,684.4840698242188,686.4878962665452,678.1831277621862,682.6360622006584,20984698
2020-01-06,668.6092529296875,680.3649817308929,667.0507082361115,676.8471984455604,24519177
2020-01-07,678.8955688476562,683.3039746836643,673.9527657511211,676.4018734988883,16683622
2020-01-08,673.7969360351562,683.2816698165456,672.3942695805264,674.6207365379029,16047902
2020-01-09,689.3154907226562,690.206053788195,681.8568169732863,685.1297254143482,14982742
2020-01-10,689.1596069335938,693.7461255846073,685.5972357997355,691.0520831577536,12478359
2020-01-13,687.4006958007812,694.0800969009713,685.0406443123888,688.0018555733295,18282382
2020-01-14,681.0330810546875,690.2061193009722,677.6711159879618,685.7531846503401,15816535
2020-01-15,678.5615844726562,685.7085608303954,676.0679485502039,683.9051409780271,15817859
2020-01-16,684.8179321289062,687.2448055274269,680.4095262908653,680.8548672498658,12847975
2020-01-17,704.01025390625,705.7691458267952,691.6310696018056,691.764654072348,29463471
2020-01-20,682.3466186523438,716.4784286658733,679.6971043882497,716.4784286658733,32545850
2020-01-21,683.036865234375,688.3581283514012,677.73783646965,680.6768135829059,18922720
2020-01-22,682.7919921875,688.7589438110633,681.790078890447,687.5343897202368,10322817
2020-01-23,679.8975830078125,686.621513138243,677.1590121473655,684.1946393801801,11247739
2020-01-24,677.5374755859375,684.1278207028573,676.201571520967,679.9642896946181,14628445
2020-01-27,670.8580932617188,678.8288715307318,670.1678770715025,674.576343167049,13387750
2020-01-28,655.36181640625,672.3943409712025,651.7326826089246,671.7708873528463,24532236
2020-01-29,658.9686279296875,665.4476222245518,651.9329425979813,656.385876391396,24746565
2020-01-30,642.8935546875,658.9018717010598,641.2237192109507,658.5901746274501,22402689
2020-01-31,628.599609375,647.1238564671794,626.6180767993984,647.0125063572486,34750310
2020-02-03,616.9551391601562,623.3896651574961,606.9583015760081,610.0085691432375,30712290
2020-02-04,635.1676635742188,637.8839401729988,622.4322559797637,623.4118752792756,25383901
2020-02-05,645.0086669921875,646.9234370233874,636.9043647870463,638.9526598272524,18472100
2020-02-06,649.1499633789062,653.2466727335321,641.268301219584,647.5024215657478,15538577
2020-02-07,638.3961791992188,646.723182814012,636.0138334942661,646.1220229365763,12209212
2020-02-10,639.264404296875,643.6728102657878,628.065247040691,635.8801458287573,15142476
2020-02-11,646.9013061523438,652.8904923206876,643.472518918896,644.518960407984,13999816
2020-02-12,654.7161254882812,656.742245701073,647.9031394730254,648.4152429768247,13533565
2020-02-13,656.4304809570312,658.0335539553153,651.2873305313852,658.0335539553153,13565659
2020-02-14,662.4197998046875,668.5870984643474,647.0571093166483,657.8109867132612,21227841
2020-02-17,658.2562255859375,670.6799378673376,656.4973336908605,663.0431510030807,13149130
2020-02-18,653.4247436523438,657.2097556655767,648.97180932506,657.2097556655767,11127161
2020-02-19,669.6334228515625,670.8134485862718,656.8534867255756,658.7459628812005,14084409
2020-02-20,661.6849365234375,671.5036613641485,660.7275515499585,666.605445844099,16892268
2020-02-24,643.4279174804688,657.699577615814,641.0233376549481,654.4711971958799,21370214
2020-02-25,630.71484375,646.3001152119884,627.864922735704,646.3001152119884,27745062
2020-02-26,619.849609375,628.911356956024,617.779020325235,627.8649155292255,29362748
2020-02-27,617.2891235351562,620.6510881290094,609.6077499205786,618.0683364567957,25054993
2020-02-28,591.6402587890625,604.264378720804,590.0149512052195,603.3292278998576,39315769
2020-03-02,586.073974609375,609.6077258365907,579.3722800369876,603.4181347083037,29500495
2020-03-03,597.96337890625,602.8838887991839,588.6789907987993,592.1077777316948,27398798
2020-03-04,596.5606689453125,602.8393168736188,582.4003001293128,602.0378101189941,22105261
2020-03-05,583.8475952148438,604.6873667976507,581.5543059975552,602.1269086434213,30510390
2020-03-06,565.9688720703125,573.6057169779667,552.6545991174132,565.5235905903087,33734039
2020-03-09,496.12457275390625,552.6101407818697,487.59719353402716,552.1870935973562,88187018
2020-03-11,513.6691284179688,524.7569350107589,493.385961606044,493.385961606044,59578576
2020-03-12,473.3477478027344,490.26892105164063,466.98004375854214,483.14423842846696,55970485
2020-03-13,492.1837158203125,507.6354013912499,419.64530200918597,444.40363928088584,73297403
2020-03-16,452.2853698730469,480.78419157795764,447.5207086747309,472.2568121164352,38482258
2020-03-17,448.8565979003906,472.0118916262875,446.7191870864638,466.3343737158094,45445979
2020-03-18,431.2674865722656,461.28032501489446,427.9277857781092,456.5601919681001,44730415
2020-03-19,408.6465148925781,430.59951868687136,397.2915088300032,409.7152202964063,61404010
2020-03-20,453.2872619628906,460.8349919401429,414.1236220114131,418.3539154289049,63360475
2020-03-23,393.66241455078125,423.0295668803202,389.92193040058896,407.9786036891489,40670949
2020-03-24,420.09063720703125,431.935454645914,398.89463871900745,414.1236854654176,45734887
2020-03-25,481.919677734375,512.778550360912,428.9296884312166,429.17459327724464,73130298
2020-03-26,474.7727355957031,497.34916518213845,464.1524728836179,487.95345651457,45744488
2020-03-27,474.50555419921875,493.0743302616386,465.86685415365895,487.59721846033517,41657940
2020-03-30,458.85345458984375,478.6022562103133,454.20014346811496,463.37321097095526,30229866
2020-03-31,495.94647216796875,503.0934193486525,466.668378147016,478.2237612689132,44292810
2020-04-01,481.1181640625,500.7778787446454,465.42154418897144,499.7314374197435,41597459
2020-04-03,479.7822570800781,505.1640473665368,470.36428521360847,505.1640473665368,41367807
2020-04-07,537.0693359375,540.5871191109118,489.8236031363708,490.7587239777516,54373624
2020-04-08,530.8574829101562,547.2666119015739,516.5412959187852,525.4471639311407,49880330
2020-04-09,543.2367553710938,548.9587723530421,531.2360897019119,540.5872407700642,33032857
2020-04-13,529.5216674804688,541.0325221376103,525.4471928092958,536.1120125498173,23673784
2020-04-15,512.0216674804688,550.3837789994849,508.971399198047,533.0395545162297,35321842
2020-04-16,520.1259765625,528.7646769192855,509.8619687316648,512.0216140957893,37455706
2020-04-17,545.0401611328125,547.7119694676354,531.0801974114287,541.4778491032873,33269335
2020-04-20,553.8568725585938,559.7347065066759,535.2435731893313,545.9306250723796,36030932
2020-04-21,550.9848022460938,557.5083250081677,518.3224819342147,538.8059664932713,61371628
2020-04-22,607.2031860351562,616.6879797457742,578.8825082607582,587.7883765401166,142683366
2020-04-23,610.4539184570312,617.1110859522549,602.6167250854138,608.8731391707544,65464502
2020-04-24,630.9819946289062,665.692673747736,599.9004494609227,601.2140598103026,134986308
2020-04-27,636.659423828125,656.8089776563307,633.6536843523593,638.5519000387314,58482901
2020-04-28,635.947021484375,648.1035053145215,619.9164097345322,645.6766910891598,78453401
2020-04-29,635.41259765625,647.3019715047586,632.3178017703171,643.4056688448253,37494672
2020-04-30,652.8013305664062,665.6926172797448,640.3553848329962,647.4355395070829,71345899
2020-05-04,639.0862426757812,652.3559877170559,631.1822287393294,641.2236532680045,53456868
2020-05-05,650.4190063476562,658.5901902105282,644.4298209519568,647.3242698899517,44903763
2020-05-06,650.4635009765625,661.239610058138,643.6727503217016,651.9106955136318,40489094
2020-05-07,671.0360717773438,674.0195767371007,643.45013963793,647.9030735523609,50026966
2020-05-08,695.460693359375,703.5204690653559,684.4618805987177,687.9797243116526,84262770
2020-05-11,702.1399536132812,719.1501837188379,700.1361272712575,703.564854514178,67085063
2020-05-12,658.701416015625,698.3771867058508,652.3560060092849,696.7963482041542,100683202
2020-05-13,672.677001953125,686.4096865474885,653.5950534044931,686.4096865474885,66430125
2020-05-14,645.4812622070312,672.789324791763,642.8291322565639,660.3377319199246,49266771
2020-05-15,656.0225219726562,659.3039915320402,636.1089830747022,649.0999689371046,62152260
2020-05-18,647.6389770507812,666.181474909855,641.9076865534937,660.7873261418357,62796089
2020-05-19,633.3219604492188,657.0564195102567,630.7822503273412,654.9436803175768,42315854
2020-05-20,644.469970703125,650.3810982575258,626.1746653038855,633.8164459231173,55320985
2020-05-21,647.86376953125,656.9439458804737,640.5591310175457,645.054274887475,39167981
2020-05-22,643.50341796875,655.393088211482,641.2333740246893,652.6061253460508,37828973
2020-05-26,640.132080078125,651.6621368125705,636.6483020759156,650.9653812121286,33216635
2020-05-27,649.7967529296875,653.5951416505152,634.7154993719518,643.256285680101,35667956
2020-05-28,661.7987670898438,665.1701253155293,651.3475506452044,654.0446253357239,40126278
2020-05-29,658.2700805664062,661.6863829805953,652.9882921441282,659.8883134336163,40022527
2020-06-01,683.42041015625,691.5116927649323,663.4619289082036,665.282470467664,39943702
2020-06-02,690.3204956054688,692.2534575560194,683.6227235911691,685.9602437650542,22153960
2020-06-03,692.9951782226562,701.2437669142711,689.264146584744,694.5010503906053,25381289
2020-06-04,710.1441040039062,714.5044150378368,692.7029193183236,694.0514268333575,34202350
2020-06-05,710.9981689453125,727.3155677405333,707.4020299835134,716.976712812966,33076685
2020-06-08,705.5140991210938,727.4954324920736,703.4913080333477,727.4954324920736,31414953
2020-06-09,690.9722290039062,711.5825211649343,689.1067431761999,701.3784997663072,25857161
2020-06-10,706.705322265625,710.0317358884901,692.2758817982025,693.6468614517847,22132647
2020-06-11,691.2195434570312,704.8173365444579,688.207799283614,703.9408036567188,20385805
2020-06-12,714.1898193359375,716.0777776124157,672.9242842139472,674.2728513186369,38548899
2020-06-15,725.7648315429688,731.3388178242635,701.7382332043936,703.4913585731487,53107403
2020-06-16,727.1807250976562,741.0482428927804,712.6163922222294,738.5534772559045,51187003
2020-06-17,726.1243896484375,735.1596222116743,720.1683177338406,722.9328087814987,41782053
2020-06-18,744.3521728515625,748.4427585087822,721.74156125064,722.3709004133316,40471557
2020-06-19,790.8770751953125,804.092782405198,747.094304408189,750.6903840730492,105804173
2020-06-22,784.9209594726562,811.0152901303186,779.90883714488,797.1702444845414,60198705
2020-06-23,773.5707397460938,792.8324674172671,771.4130562292277,786.6516143231465,37962078
2020-06-24,776.6947631835938,796.855553260014,769.4351285440347,780.313374152456,51586221
2020-06-25,772.2220458984375,786.2019827039641,770.0418905851864,776.3126312670805,39679374
2020-06-26,782.8981323242188,787.5506408989148,771.8175772674693,777.1218971867132,30921913
2020-06-29,774.58203125,782.0439742026722,771.1657293301229,776.7846586950787,25621946
2020-06-30,766.0189208984375,782.6059869061835,762.1755284855506,780.8079767260515,30276420
2020-07-01,781.0775756835938,786.2020588284339,767.7943931621406,773.1661294381369,28464103
2020-07-02,794.5242309570312,797.7964904471671,783.1051979902952,786.6934075977497,28789533
2020-07-03,806.9586181640625,809.2605230295892,797.9768734526536,803.302718327586,29434266
2020-07-06,835.7996826171875,838.59798707909,808.8543846026165,814.6767489280919,47016185
2020-07-07,823.0040283203125,841.4640390934211,815.2635191046126,839.5007072874031,35189589
2020-07-08,811.5173950195312,828.1945237391301,807.9066216942804,823.2748823910197,26204095
2020-07-09,823.364990234375,828.2169399112072,806.2139095305935,816.4820182311743,36418942
2020-07-10,847.6473999023438,850.6037089763864,823.3650271392274,825.2832912510764,43759967
2020-07-13,873.3515014648438,879.0835514065949,857.5544142629645,859.066414273634,69608392
2020-07-14,865.2272338867188,876.3754426124376,851.8223070969156,872.9001111198423,67331128
2020-07-15,832.279052734375,893.1203044400035,811.5172588286548,874.6828596649843,139669773
2020-07-16,832.0083618164062,843.5627758296462,818.0392246836387,833.6331798351821,60961724
2020-07-17,862.8351440429688,866.581298459645,829.5710262803591,832.7304674212536,49726765
2020-07-20,866.5361328125,871.9974193757844,857.3964422325445,865.5883422314392,36592938
2020-07-21,889.84814453125,892.3079949125722,874.0285529843062,875.1569121232839,42173371
2020-07-22,904.4942016601562,907.2022513326309,884.950961621849,895.0159382684053,59771457
2020-07-23,928.776611328125,938.6610205330575,898.784750623047,904.4716734406272,58333751
2020-07-24,968.6528930664062,976.2580205169854,928.7766226694645,928.866877074322,120597372
2020-07-27,973.1888427734375,992.4161339989756,960.4158156178775,983.3892613715004,80304827
2020-07-28,982.8927612304688,990.2496888244225,970.6838835389933,973.1888610354255,55114422
2020-07-29,946.311279296875,985.1945694094204,934.4860429521891,982.9830381867582,72663399
2020-07-30,951.8176879882812,965.7416374844678,935.1856290159112,947.3719425825504,72857444
2020-07-31,932.9740600585938,960.9122737981927,926.5198556854664,954.3678150249528,74958061
2020-08-03,906.7509765625,928.4154946857375,904.0879942280135,925.8428264432459,46715383
2020-08-04,970.6613159179688,978.0633706821992,902.8017056351508,911.9865832893145,92041055
2020-08-05,959.7613525390625,991.152334357933,956.082888808404,978.9660801786949,74549993
2020-08-06,963.2140502929688,978.379235802318,951.3436873807514,973.549849744725,49322975
2020-08-07,968.7882080078125,973.9109808198931,956.9404677314833,961.2733354792168,32984416
2020-08-10,956.7825317382812,977.1607467636378,951.4792497470256,974.4978239673667,26958997
2020-08-11,963.0787353515625,974.9039718853056,947.9812395926484,963.5300670431569,46828306
2020-08-12,960.2803344726562,968.1337801877427,950.8923849420117,957.3014618538515,30264617
2020-08-13,957.7754516601562,965.3805786775785,952.3367286962583,960.4609378961798,24830322
2020-08-14,954.0518188476562,973.5498723174301,942.9713010071719,958.0010455824508,33224635
2020-08-17,943.919189453125,950.0800072856482,934.3281075225127,950.0800072856482,30979066
2020-08-18,956.1957397460938,963.3044077157676,939.8570673079405,941.0531171539242,30547672
2020-08-19,962.0631713867188,972.1958989128857,957.4594807962734,966.3284079855683,34087543
2020-08-20,946.4918212890625,958.6104445458395,942.4071530026558,956.850185253758,22537845
2020-08-21,939.6314086914062,957.7529046597705,937.4423813079499,955.9475181738237,25280895
2020-08-24,945.9050903320312,949.854317250222,934.5086218851164,943.9417586729289,32717218
2020-08-25,939.7442016601562,952.9234928104662,937.8936880228628,950.5313333957848,19388008
2020-08-26,964.658447265625,969.4652701628314,923.9020783795879,941.0531605726751,59870421
2020-08-27,952.6075439453125,970.3905257659359,949.2901575537568,969.4878026998181,28085062
2020-08-28,955.1124877929688,962.6724872841761,950.64417889511,956.8501236807623,27166900
2020-08-31,939.1123657226562,981.2227882057733,929.9274882908779,981.2227882057733,62076132
2020-09-01,942.0687255859375,957.9334441866578,930.8527654130116,947.8233392331533,38616258
2020-09-02,960.55126953125,964.9744517777982,941.0532136373029,944.2125954179412,26949439
2020-09-03,953.2845458984375,965.3128543894694,949.177314241105,960.4609045761807,18586429
2020-09-04,937.5552368164062,946.4467283078576,935.275954940486,940.3987281070342,28475945
2020-09-07,939.992431640625,950.4184857636033,922.6607820696723,940.6017681981718,21926473
2020-09-08,951.0278930664062,957.3015291324416,939.0220876589311,944.2125515075138,27397082
2020-09-09,975.51318359375,978.42436533271,939.4507631107281,941.0530770623151,55310877
2020-09-10,1044.4110107421875,1058.3801472724467,981.8320607367515,985.3300156152798,140304404
2020-09-11,1047.0062255859375,1055.175562246342,1032.269926063605,1043.5083899488072,59470807
2020-09-14,1039.2430419921875,1065.1727948098135,1029.967851123539,1049.3757689779331,44063445
2020-09-15,1046.5999755859375,1049.7142296990357,1032.743657881546,1043.485721472839,27178393
2020-09-16,1049.1727294921875,1069.392939817957,1042.8539659959436,1047.1190836022542,33952295
2020-09-17,1037.52783203125,1053.3022921709116,1034.4134589674702,1047.118792617936,25828669
2020-09-18,1040.6649169921875,1046.8708623526327,1027.5081886685462,1044.5238896915514,33074915
2020-09-21,1018.165283203125,1054.3404610706277,1014.3287552558285,1038.092044133767,33627381
2020-09-22,997.9901733398438,1027.7111483287306,993.6572461097632,1027.7111483287306,34792254
2020-09-23,1006.859130859375,1027.5984225615102,995.3499037941469,1020.0384225209982,42988708
2020-09-24,984.4724731445312,1004.6926220511629,982.1480045429355,996.5233454684201,29826318
2020-09-25,993.7250366210938,998.7349916951074,978.1988318727759,987.9929866283342,28374935
2020-09-28,1000.2921752929688,1010.1089538946569,996.1398158928262,1005.1441257425149,19666849
2020-09-29,1013.2907104492188,1021.8436272783866,1000.2919888371054,1004.2412750821471,25842539
2020-09-30,1008.46142578125,1023.1977241154949,1004.2413164953268,1020.0383427428203,24465159
2020-10-01,1004.3541870117188,1021.7534684542669,999.2765413206039,1021.7534684542669,20783227
2020-10-05,998.464111328125,1015.1412378353376,995.665807141331,1012.8168289308439,18922799
2020-10-06,997.6292114257812,1008.2583389587751,993.7024882079692,1004.3542390342081,18412175
2020-10-07,1018.9100341796875,1042.154241671535,1001.9845893759028,1008.7547434205927,53170865
2020-10-08,1010.6729736328125,1023.6491928550894,1002.9324648078214,1019.5870284539118,21077808
2020-10-09,1008.0552368164062,1016.8790372265936,1000.6757456073183,1008.7548278164428,18545499
2020-10-12,1009.6800537109375,1018.1201535189876,1004.8055997006869,1008.7548267067875,14226473
2020-10-13,1029.38134765625,1031.6606295627953,1004.6250177214829,1006.7689180188713,23112012
2020-10-14,1032.450439453125,1039.8976215416956,1023.8748385588287,1028.5689032035948,26742011
2020-10-15,995.8914794921875,1033.5787209899615,990.7010157207518,1033.5787209899615,20036197
2020-10-16,982.03515625,1007.6263364491078,980.6134107518138,999.7278829970974,21583600
2020-10-19,982.2156982421875,1005.9112981674255,972.7149304876791,988.4668301104947,31200385
2020-10-20,973.0534057617188,989.7982821843228,971.4059645919401,983.4794597665089,18482288
2020-10-21,958.9263916015625,989.3470196032074,946.8077683832299,978.5147603722606,34082321
2020-10-22,950.9600219726562,962.4918709189672,943.7611001149209,960.190025787683,30802210
2020-10-23,953.7133178710938,963.6202899304686,946.1984454833869,950.5313131498879,23422125
2020-10-26,915.822998046875,948.7034169019341,911.0387387404159,948.7034169019341,37324416
2020-10-27,918.26025390625,929.7017897460652,904.9455811340416,918.4407627043238,36478896
2020-10-28,907.8567504882812,928.7314227324945,906.028800472741,921.5550042670169,29924017
2020-10-29,914.8299560546875,921.6452970796064,898.6267252669395,901.3347749825296,30655304
2020-10-30,927.287109375,932.0713684328344,912.5281277212341,917.8088456567091,34021563
2020-11-02,847.3766479492188,914.8751840367496,839.1170566069392,914.8751840367496,99366895
2020-11-03,835.1676635742188,861.6164392035137,828.2621279628137,853.0408988395865,88691623
2020-11-04,863.5120849609375,870.6433759833506,829.1196689111366,829.1196689111366,80180117
2020-11-05,882.3783569335938,885.063843200435,871.9974294692396,882.3557933334056,37205373
2020-11-06,915.8455810546875,920.7426584675038,892.8270071314915,898.175475948344,66674086
2020-11-09,925.5719604492188,933.8315508837121,918.9371879060812,930.7172966945931,35838510
2020-11-10,940.8500366210938,943.3098869382017,921.2842908558239,937.4423956918613,36934242
2020-11-11,901.425048828125,945.5665526357731,892.8043809348467,942.858502861752,56724780
2020-11-12,893.6619262695312,906.502703689629,886.8917719189561,894.1133176465529,40046527
2020-11-13,901.06396484375,919.2305871473199,894.4518154997988,894.564633496026,45388670
2020-11-14,903.7268676757812,909.5943584245174,900.5900499126363,909.4138496344937,5226220
2020-11-17,899.6422729492188,941.0531655438715,895.9186819311539,941.0531655438715,46542562
2020-11-18,896.9116821289062,905.6226647867821,884.6802404612616,899.6422957138947,30402290
2020-11-19,890.5702514648438,907.4053832429535,888.3360969077845,896.9116378432019,27796343
2020-11-20,857.3287963867188,895.377116449163,855.297714134409,891.4052660410506,57471248
2020-11-23,880.4375,889.1484217109697,869.402109859794,880.5728815874659,45327567
2020-11-24,886.4630126953125,890.9538853742781,871.997417187929,886.4404490954421,30936268
2020-11-25,879.1286010742188,899.5068137121415,876.6011198738435,893.6618865906463,32637879
2020-11-26,881.295166015625,886.891834503416,871.1173701719107,881.4982981188252,25838637
2020-11-27,871.0045166015625,882.8748813272135,867.2132345680465,875.8339033969402,47336811
2020-12-01,882.333251953125,887.456025013745,871.1173516152288,875.7661696758335,19750687
2020-12-02,883.8001708984375,885.5378667077028,873.3515518250487,883.9581161119759,22188887
2020-12-03,886.4630126953125,894.1584537844419,884.0257260648682,890.0512219953362,27785372
2020-12-04,878.65478515625,888.6971991448669,875.6082215278506,888.6971991448669,18464552
2020-12-07,883.8225708007812,886.8916976319051,875.8789308578557,875.8789308578557,18242188
2020-12-08,899.8679809570312,909.1205496272892,880.1216664908698,885.1541851802805,43403061
2020-12-09,914.8526000976562,917.9443506509773,902.3503953551077,907.1797819467947,29175254
2020-12-10,905.8482055664062,915.5521050393417,903.1401558672769,912.4378508699459,16065507
2020-12-11,905.3067016601562,919.8399885896688,891.0667415415232,908.5563377171925,26944202
2020-12-14,898.76220703125,909.4590851843236,896.5280523361688,906.2770801525107,17312747
2020-12-15,891.1118774414062,898.0399769590505,885.1315087967429,898.0399769590505,18551265
2020-12-16,892.1048583984375,900.4096365369544,887.2077809533278,897.2727587493416,18561011
2020-12-17,896.189453125,904.9455622584525,892.3756079246118,895.6929942485893,20252358
2020-12-18,898.8749389648438,904.9004347378007,886.8917576008947,893.7070987327945,18466344
2020-12-21,875.4727783203125,912.6184341659626,837.3567682633857,907.2023343255363,44135540
2020-12-22,874.1187133789062,884.1385629445498,852.3413186774952,879.6702540717112,28140001
2020-12-23,877.3458251953125,880.7760293674728,866.8745845082068,871.0946936975114,19501410
2020-12-24,900.048583984375,902.147297408828,878.2711864494689,878.7676453803593,20776988
2020-12-28,904.1782836914062,910.8130563627905,900.5675108718648,905.7128472166959,17221499
2020-12-29,898.1980590820312,908.2404734290649,894.8129219384762,906.7510369627275,18611939
2020-12-30,900.65771484375,905.9384324891365,891.6534065904553,900.544896853225,22043630
2020-12-31,896.0540771484375,908.0598221912284,893.0300772883096,899.7551043755919,18781189
2021-01-01,897.047119140625,901.3348599535196,894.5647051802756,897.27275515116,10015175
2021-01-04,898.55908203125,902.1923588792536,888.2458453983129,900.4772865018267,24513534
2021-01-05,887.3882446289062,895.2867576296607,882.8296217394585,888.6971124168427,24123091
2021-01-06,863.986083984375,887.3431107117481,859.8788522034279,887.297983512097,46401468
2021-01-07,862.5869750976562,877.8649808483686,859.8789250447446,866.8070252352164,32325918
2021-01-08,872.7647705078125,874.8861072218933,863.015742571038,865.6786654184649,27540187
2021-01-11,856.3131713867188,875.0665066757083,854.1692713388484,875.0665066757083,33307825
2021-01-12,883.3037109375,884.635142526268,857.5093355120424,858.9085175986027,41161546
2021-01-13,875.066650390625,891.3827615256889,865.8818315203902,886.2374244425895,26619458
2021-01-14,884.9059448242188,887.7494361349055,875.1794806347706,877.8649670437152,21553242
2021-01-15,874.4572143554688,890.86357691647,866.6038285437963,884.9058318391973,20593268
2021-01-18,895.4447631835938,901.3348178565226,868.093322463363,879.7154269171596,35100458
2021-01-19,910.0909423828125,916.6805284572496,900.2741645341835,900.2741645341835,32006615
2021-01-20,927.37744140625,928.866877855919,903.3207625071458,912.3476953021599,30924537
2021-01-21,947.5525512695312,956.8502475441711,936.5397824840384,939.6991642832317,39087742
2021-01-22,925.0755615234375,954.7514714069698,918.5536065523528,952.7880800202875,30532660
2021-01-25,876.0595092773438,918.4633177239738,871.9974047459384,918.4633177239738,54207104
2021-01-27,855.2976684570312,868.8380370064367,852.13828693381,868.8380370064367,42370131
2021-01-28,846.970458984375,868.0708291399083,844.0141496085763,848.5952770841457,34067814
2021-01-29,831.3538818359375,863.4670185270817,825.9602859922227,854.9817319108826,43712383
2021-02-01,855.43310546875,859.8111004411335,834.084477925657,839.2298143671649,34180952
2021-02-02,869.1990966796875,875.6081736879117,837.2213427448476,863.9860695183817,41470034
2021-02-03,871.3881225585938,881.024271808645,857.5543678212887,870.3274543100903,30301696
2021-02-04,868.5220947265625,875.6081993096957,859.8111124753323,868.3866534338506,25626981
2021-02-05,868.2738037109375,877.7069402051127,866.5812949964159,871.1172947571725,20248046
2021-02-08,880.776123046875,888.6972004305863,870.6660182415897,872.4713450669083,21183400
2021-02-09,882.8973999023438,897.9948961529354,881.1597638793062,885.5152551213864,19604141
2021-02-10,891.0892944335938,895.8058629486737,869.8761074541144,881.8142219915239,21234156
2021-02-11,927.8287353515625,931.6652040177879,890.1640575276463,893.6619528050209,42539278
2021-02-12,921.4647216796875,937.8936480254456,909.6394857850835,927.738416899162,30497029
2021-02-15,917.4026489257812,930.3562442810988,913.9724445678881,924.3759353313053,15791099
2021-02-16,929.5438842773438,938.5256299749142,918.4859291608079,920.6298293819443,21421660
2021-02-17,940.2633056640625,945.9953555067547,925.5268870227972,929.7695004811927,23742994
2021-02-18,933.244873046875,951.6145681859424,929.3632772705301,941.0531321070791,18646877
2021-02-19,938.9317626953125,950.0574077634237,926.7454493980867,928.4154541842837,23403483
2021-02-22,906.3446655273438,943.2646823971752,900.4095436576987,938.7963735267837,23804335
2021-02-23,913.2728271484375,926.5649358038843,908.8270818640342,924.3533449611235,25644108
2021-02-24,930.2208862304688,932.1390906998175,914.4914901976813,916.2291858661802,10807663
2021-02-25,967.8403930664062,971.2931609562635,935.6369439506498,936.9909986645049,34855693
2021-02-26,941.4142456054688,963.123891576847,934.5989040579532,955.4962007136306,37481215
2021-03-01,948.590576171875,953.2394537638484,930.897848571293,952.4269850885058,17680764
2021-03-02,950.5313110351562,961.3635697154016,942.9036206682259,957.752856616694,17150760
2021-03-03,993.9055786132812,1001.9395335212855,951.0730007855624,957.3241328149178,31924461
2021-03-04,982.0577392578125,988.4216890350315,973.865839474236,983.9308164628377,21435754
2021-03-05,983.3440551757812,998.3512962856287,971.7670781260525,973.0985692708165,25511666
2021-03-08,988.9407958984375,1007.3556183257853,978.5147413680846,978.7403773670584,19506841
2021-03-09,988.9180908203125,999.1861993021838,968.8558884914019,992.9576314805555,15154484
2021-03-10,984.8109741210938,999.7730887336929,979.5302558776189,996.1171885060364,11519358
2021-03-12,964.7938842773438,995.8463528292266,958.6104430105866,990.7010162557301,16864952
2021-03-15,951.8402709960938,969.894016181107,939.022056998036,965.899662068002,16698099
2021-03-16,948.0941772460938,959.5583372131907,945.7923317505264,954.1421774953259,13873801
2021-03-17,927.6707763671875,949.1773492874154,918.5310260738679,946.9431947370554,19210236
2021-03-18,906.7960815429688,940.9628627496759,903.1401815146905,935.5918307044085,20647480
2021-03-19,939.6990966796875,945.9502287147974,894.9257507304794,898.6267780925764,41787429
2021-03-22,930.8526611328125,936.0882516774249,917.6734303772165,934.7342566902689,18572478
2021-03-23,942.1814575195312,952.2013071535108,927.9641218620927,930.6496079854647,17421165
2021-03-24,924.0374145507812,938.6835185270156,920.9231603023551,938.6835185270156,16822814
2021-03-25,898.8298950195312,927.0614969311192,895.9187129062007,927.0614969311192,22001648
2021-03-26,900.274169921875,908.8722746334809,890.818529006779,908.1049928320286,20180202
2021-03-30,915.9132690429688,924.7596332154852,898.8750045089173,906.2996230548414,20441701
2021-03-31,904.0879516601562,925.2108826971944,902.2374380883726,910.8130382876154,16250796
2021-04-01,912.55078125,916.2292452262719,904.1106213459858,910.813145160988,11723312
2021-04-05,899.348876953125,913.9724170012217,885.5828730456216,913.9498534023671,14875099
2021-04-06,895.6028442382812,904.9231041323316,888.6972479019207,904.4943360038118,14009194
2021-04-07,903.9751586914062,923.8569132620463,899.6648545655975,902.6888544411458,24266353
2021-04-08,905.1035766601562,912.6184496390974,899.5294718287386,907.6536814191865,15369188
2021-04-09,894.587158203125,905.5547980293608,893.6618715981054,901.9892122750459,14037885
2021-04-12,862.5869750976562,885.2670360594527,857.6673339221142,884.1838040998745,20901482
2021-04-13,871.9072265625,875.8790770428972,865.610966973059,868.3867078045856,19411189
2021-04-15,877.5490112304688,885.0864478844724,863.4219285584875,869.4248015602077,19723716
2021-04-16,872.0426025390625,880.0765578540482,869.4924977392149,874.0736848152176,15656948
2021-04-19,858.3216552734375,864.9564280013587,853.0409372873982,859.3597599294095,18478808
2021-04-20,858.073486328125,866.129945192319,853.244099852856,862.2935362093694,17203668
2021-04-22,860.4429931640625,864.0763296197583,847.0380660893645,854.05647971313,14490954
2021-04-23,859.5178833007812,866.0849064432063,855.4557782072471,860.2626015730614,11828857
2021-04-26,874.6377563476562,885.5377655993291,862.7448293401166,866.5812978436229,20846778
2021-04-27,897.5661010742188,901.4250736005504,874.8183510247649,875.6081964100579,19992524
2021-04-28,901.4701538085938,906.2995399608012,893.729645559396,901.7184130880825,17122437
2021-04-29,913.5437622070312,922.7737675845348,905.9837618121402,913.0246799848917,17412606
2021-04-30,900.2064819335938,918.9372550182458,897.0696639164535,906.5253048610995,19828769
2021-05-03,884.2063598632812,893.2106694861402,877.007436823715,887.3431780134558,23640186
2021-05-04,865.046630859375,888.1555160324492,862.5191497068099,880.121561842195,21849830
2021-05-05,866.62646484375,874.9311830141904,861.1877417678091,868.0933376376232,12393609
2021-05-06,871.5460815429688,873.351467984722,860.5332540943049,867.4162861727356,14624666
2021-05-07,871.8846435546875,882.6717759114722,869.2894115930914,874.5926935213764,12288548
2021-05-10,869.3796997070312,878.6773959888417,867.0101633558089,875.1569368648484,13941237
2021-05-11,872.5164794921875,874.9537063750458,862.0678019203975,864.3245797004668,13478264
2021-05-12,863.4896240234375,872.4036791691951,860.7138832120156,871.1399384169831,13177961
2021-05-14,874.3896484375,876.5109254598657,860.2625654598935,870.2146658138034,13291616
2021-05-17,884.7930908203125,886.1922131252846,871.2752855358857,874.3895996285223,11873078
2021-05-18,897.2501220703125,903.8623311241566,890.2768357355067,894.1133042302491,12064918
2021-05-19,901.357421875,910.1135316770341,890.0512670062741,893.661980396703,16317002
2021-05-20,896.0992431640625,907.6085298258828,894.1133478678807,901.7410386469029,11422532
2021-05-21,903.83984375,907.0217890570246,896.3700979084354,899.0781478980009,10785605
2021-05-24,896.2119750976562,907.1119838096187,894.5645936578591,906.2995151967815,8551760
2021-05-25,886.056884765625,901.33489057257,884.6351390826914,901.0640676586617,14780102
2021-05-26,889.1710205078125,893.4362569865272,887.0271801611135,891.4051749417887,7480204
2021-05-27,891.9017944335938,899.5294855338184,885.6506620923865,889.2839988316376,26819294
2021-05-28,945.476318359375,950.0800090423911,898.1754320907405,898.1754320907405,56469931
2021-05-31,975.0394287109375,989.2116388880302,941.0757761481069,948.7260309716555,59124142
2021-06-01,978.9210205078125,993.8605124616367,968.8108556050526,977.6120928456976,28013832
2021-06-02,993.5219116210938,997.2455024822107,973.5499025688986,973.5499025688986,24630162
2021-06-03,997.313232421875,1015.5249829566307,991.197541606595,1002.4359457378657,23974257
2021-06-04,988.6700439453125,1000.382403586374,985.8491162192327,999.6376853522006,14468646
2021-06-07,1005.3245239257812,1011.9141694726093,986.1875471509084,993.8604245557929,16336573
2021-06-08,999.5473022460938,1005.2116608783687,992.1226844618565,1004.963461293647,9674735
2021-06-09,981.6741333007812,1002.4359284900111,973.9786921208427,1001.5332651004173,11409161
2021-06-10,985.284912109375,1006.4980988117626,982.8250618353879,989.9788572705107,14155653
2021-06-11,1002.3753051757812,1009.1011952964063,987.4063735342977,988.6745798453265,13762778
2021-06-14,1016.7553100585938,1022.8017515989352,994.1773239826662,1003.2130828049194,20332436
2021-06-15,1019.0652465820312,1030.3428892787051,1014.6719292575741,1024.04738247787,15174215
2021-06-16,1001.6732177734375,1017.7291568032897,999.0689384128791,1016.7554197633551,10797349
2021-06-17,1003.5075073242188,1012.2714997953356,987.315715260484,996.4193416411849,15745975
2021-06-18,1008.0366821289062,1012.2715036865906,989.3311797612216,1007.9687553467284,29369026
2021-06-21,1013.29052734375,1017.9329096042337,996.4873342427861,998.0046053152495,12186448
2021-06-22,1008.0820922851562,1024.047523693767,1005.1834033496904,1020.877007795391,12871913
2021-06-23,998.8425903320312,1019.3370730246654,997.1894056266616,1019.0653658677555,16653951
2021-06-24,975.3587036132812,1003.0319792586279,969.2443347205035,999.5218896905816,91461975
2021-06-25,953.14306640625,975.3587188779936,942.5674531142881,975.3587188779936,55355022
2021-06-28,944.7867431640625,963.129909816626,942.5221576464701,961.0918068108575,20277042
2021-06-29,945.6019897460938,955.2038659394034,943.9262228096128,946.3719464304492,27144063
2021-06-30,955.9512329101562,961.3862145219897,947.0740283906408,949.4291830957576,19762858
2021-07-01,950.1991577148438,961.6126545352091,948.863024683412,959.280142195751,12534407
2021-07-02,964.2848510742188,966.0286046961062,947.9345027993265,949.7688254664646,14086620
2021-07-05,973.8641357421875,975.3814069298204,965.3945518663345,967.6364952540457,11702287
2021-07-06,962.3599853515625,973.2752927037599,960.2765977537204,971.4863144110957,10070124
2021-07-07,955.6793823242188,963.6960603661638,950.2217589268929,963.6960603661638,10454892
2021-07-08,947.7760009765625,958.8045791709611,942.5221577829742,958.8045791709611,11185460
2021-07-09,938.0836181640625,947.3684433649398,935.7737479702222,945.692616426164,9037675
2021-07-12,943.9262084960938,951.8069732106677,939.5781755914345,941.9559723923293,8585292
2021-07-13,950.9918212890625,952.5090925159022,945.7152754895722,951.1276748675257,6717133
2021-07-14,944.7867431640625,954.2300635744198,942.6353689523012,951.2860904215172,8532544
2021-07-15,943.1336669921875,948.8630578642602,941.3899132919198,948.8630578642602,9448356
2021-07-16,956.7437744140625,957.8081403899708,945.5114158643191,945.5793426478567,8828185
2021-07-19,950.652099609375,961.9976700838799,947.6175572445412,951.1276470202398,8354449
2021-07-20,948.3195190429688,954.7509997157346,943.8809767465054,950.9011562369292,6741464
2021-07-22,960.5029907226562,961.9523350417173,950.289713605715,959.7330340406753,7972397
2021-07-23,953.7092895507812,966.7306870173245,952.0561048845019,966.7306870173245,9937030
2021-07-26,940.6426391601562,960.6389323639107,938.0383595793566,954.7510454031105,12389668
2021-07-27,930.746337890625,943.7450933231961,924.8584510240973,940.6199818363403,10824523
2021-07-28,922.7523193359375,932.1050710097164,913.1957274047861,932.1050710097164,12897848
2021-07-29,929.95361328125,939.5328466147575,925.4923692829198,930.2933070796137,13765738
2021-07-30,921.8238525390625,936.6115854453042,919.9215431668897,932.1050565925411,11350608
2021-08-02,938.6724243164062,941.7975357253354,924.4734496016514,930.4293230086479,10925104
2021-08-03,945.5794067382812,947.051393415347,934.9132237953986,946.5984882609035,11817299
2021-08-04,952.8261108398438,957.468493410625,945.239695070289,948.5912889902256,13169800
2021-08-05,966.6400756835938,975.9474827845528,953.0525024475675,957.604315821072,21252078
2021-08-06,946.168212890625,972.3921457790564,941.5031281309346,964.6925186543999,16620987
2021-08-09,940.7785034179688,946.507954500859,935.9549225779072,942.5222572127834,7494143
2021-08-10,945.7152709960938,957.0156171230963,939.2385654839516,942.9751378756041,11919198
2021-08-11,958.963134765625,960.1859966454768,943.6092248291548,949.7462363911606,9184963
2021-08-12,955.88330078125,962.9941092821113,953.3922326146494,962.4052906590396,8137612
2021-08-13,971.8032836914062,973.7282353115995,955.181228214771,958.9630848706249,12780901
2021-08-16,984.4170532226562,997.7781437654177,963.8772277608733,973.4791039346753,21935444
2021-08-17,980.2276611328125,989.7162669243918,972.7998007947025,982.3111087496648,12658169
2021-08-18,984.0321655273438,990.4409443539315,974.9511803260805,984.6436264377176,10075860
2021-08-20,972.9808959960938,983.7376470917055,967.88554870858,970.6030393085123,9426282
2021-08-23,979.3671264648438,984.6436123486905,965.756910089194,984.6436123486905,9854395
2021-08-24,989.0369262695312,992.7961409161452,976.3098780018888,980.5899844960273,11864472
2021-08-25,997.5969848632812,1005.4778098902966,987.4063495975512,989.8068486851395,13380559
2021-08-26,1010.210693359375,1016.7553848783828,998.6839258042111,1000.0427010414176,18589616
2021-08-27,1008.829345703125,1015.7817181947378,1003.6887734868195,1013.1773788430729,10480636
2021-08-30,1028.2369384765625,1030.7733511879242,1013.086868200183,1019.0653841621985,14027062
2021-08-31,1022.756591796875,1034.3512267943545,1015.5551545716548,1031.2487577395646,26485463
2021-09-01,1026.810302734375,1038.4956282529236,1024.9533974079704,1029.4825691995866,11145486
2021-09-02,1039.1748046875,1045.2438888621152,1021.32982832915,1021.32982832915,9956770
2021-09-03,1081.79443359375,1084.7384068201698,1042.8435137983438,1046.2403322593964,30664428
2021-09-06,1098.5977783203125,1123.2365131929273,1092.4380047519112,1092.8909697996994,33641710
2021-09-07,1105.5274658203125,1113.2723180946527,1092.4380808510261,1100.5906136768078,17349882
2021-09-08,1101.201904296875,1111.460525484485,1090.01483063056,1110.5547152662286,14301651
2021-09-09,1098.5977783203125,1104.145971203985,1094.2950296674799,1099.6394421897962,8963249
2021-09-13,1074.117431640625,1101.9492019199529,1072.5322338327235,1101.9492019199529,16311160
2021-09-14,1072.7135009765625,1084.2854942866497,1071.6037904973264,1075.6801166083583,8908356
2021-09-15,1077.1746826171875,1085.0780298856923,1072.7360805602518,1072.7360805602518,9071075
2021-09-16,1099.775146484375,1103.647571826163,1072.0565884901453,1078.6465641491313,13448882
2021-09-17,1082.7227783203125,1112.2983612101125,1075.9516645338,1107.8371172912175,34882133
2021-09-20,1084.4439697265625,1095.3139316833478,1073.415392150155,1074.3664868663025,11779819
2021-09-21,1089.1317138671875,1094.521410709491,1079.756260196694,1089.2675674362638,9915736
2021-09-22,1100.817138671875,1106.0255780999046,1086.210482648724,1090.6264428510565,10995912
2021-09-23,1127.7203369140625,1130.9360171926044,1107.6107744419755,1108.4713001643795,15748397
2021-09-24,1124.459228515625,1134.7631343059459,1119.613065939266,1133.9026086017536,15192163
2021-09-27,1143.3685302734375,1145.8370159244848,1121.1077134942575,1126.4068411721403,15373834
2021-09-28,1154.0576171875,1161.6892580938154,1138.0921855961788,1147.6940628547109,18035258
2021-09-29,1144.908447265625,1163.9988663657148,1141.37565590535,1163.9988663657148,9719875
2021-09-30,1141.0133056640625,1147.965677369511,1132.4532137255203,1143.6176447212324,13590654
2021-10-01,1143.029052734375,1150.3210597794448,1130.0303565325742,1133.178110444469,8958928
2021-10-04,1157.72607421875,1166.1955973057436,1149.075293250508,1156.2993722307872,10918552
2021-10-05,1181.7532958984375,1183.0215020120208,1153.7402689056823,1157.25041807704,13533634
2021-10-06,1159.4019775390625,1186.6222902143543,1155.4389825506435,1186.6222902143543,10258881
2021-10-07,1165.086181640625,1177.020571318369,1162.9574494692135,1175.3220421537414,6336665
2021-10-08,1209.85693359375,1215.8128063604343,1169.2074879845059,1170.9058970806193,15772493
2021-10-11,1201.4326171875,1231.9366542030143,1198.1263679197398,1223.5124154081877,14768666
2021-10-12,1208.2943115234375,1215.1787568517786,1196.269354160262,1197.9678831315707,6682011
2021-10-13,1220.591064453125,1231.7102112927382,1208.9736680853593,1213.3669853963502,9959762
2021-10-14,1223.0595703125,1230.7818997818822,1217.0810544912147,1223.0369280495506,8623469
2021-10-18,1226.320556640625,1243.2596035729455,1205.8033136478314,1208.6567177514992,13594479
2021-10-19,1237.3037109375,1246.1356302424738,1226.5016753447112,1233.6577079515857,8833409
2021-10-20,1223.0595703125,1242.2406818392346,1219.0286485058555,1242.2406818392346,12710570
2021-10-21,1187.7772216796875,1235.5600608138357,1179.0358711096487,1235.2883536749923,20831669
2021-10-22,1189.9964599609375,1206.9809106504802,1182.7950231580921,1186.6448064236538,11027475
2021-10-25,1178.4017333984375,1213.819979870448,1163.9989792562783,1213.819979870448,17198417
2021-10-26,1205.2373046875,1208.792739180254,1179.013369646043,1185.3316395816128,9750178
2021-10-27,1189.9964599609375,1212.3706072222662,1186.6221641632774,1201.1382490708493,9896298
2021-10-28,1176.952392578125,1194.77472717133,1173.283867099268,1186.644837678606,9886181
2021-10-29,1148.7132568359375,1175.843002928945,1133.0649360229452,1175.843002928945,14233025
2021-11-01,1149.4151611328125,1157.6582624374937,1129.6225892164332,1148.7131311991511,15481114
2021-11-02,1132.6571044921875,1154.0348738636576,1130.143454028727,1152.6760985535552,10569130
2021-11-03,1124.8670654296875,1141.353269066621,1114.6310849978502,1135.034999269857,11989430
2021-11-04,1131.77392578125,1134.514118637374,1127.7656464746356,1129.1016597099565,1705656
2021-11-08,1133.177978515625,1141.3531527093287,1112.5475239087214,1141.0813257713814,20337183
2021-11-09,1142.1231689453125,1145.38413396809,1126.4295651226153,1134.5594552172417,15682497
2021-11-10,1154.8953857421875,1158.56403111527,1133.9479393972968,1139.8585280650227,10253470
2021-11-11,1157.00146484375,1164.2254244154967,1148.3959679290283,1150.4341308509872,10722478
2021-11-12,1174.4613037109375,1177.0203582261677,1158.1109568058941,1160.783222618203,8712341
2021-11-15,1167.5318603515625,1178.583081524526,1163.9990683781703,1177.586582367733,4803269
2021-11-16,1140.4022216796875,1166.2637612012684,1130.0303872332545,1164.927627982119,11337581
2021-11-17,1115.98974609375,1131.819202659116,1114.6309708056715,1131.819202659116,10202029
2021-11-18,1120.201904296875,1127.3127730233773,1109.6715745881545,1114.1781038166205,8505625
2021-11-22,1070.5848388671875,1109.1961291306902,1064.8101030658254,1103.353466536403,24124307
2021-11-23,1080.5941162109375,1087.5691305828452,1045.7874503355001,1056.6800550508478,25326999
2021-11-24,1064.9910888671875,1091.4867243500764,1061.4356552775093,1077.9444973476766,16820296
2021-11-25,1129.1016845703125,1133.2006528139436,1067.5954770563671,1074.7742721480843,42401936
2021-11-26,1092.7098388671875,1122.149452357917,1087.6824179851199,1117.7108501017365,15763138
2021-11-29,1105.7991943359375,1132.2949564813318,1086.5954393266575,1104.712245845007,24325354
2021-11-30,1089.4488525390625,1121.3795969947287,1081.9530649636156,1117.8015201912658,32172299
2021-12-01,1117.3486328125,1120.519028933976,1098.3713010103995,1101.9493776790864,10104610
2021-12-02,1124.52734375,1130.5737867535804,1114.9028239659328,1118.5714698041102,12720411
2021-12-03,1090.739501953125,1131.6153710496726,1087.0029299803193,1131.5700865288095,19222481
2021-12-06,1070.0638427734375,1098.3259382907745,1067.595476803198,1094.2497321105475,10332254
2021-12-07,1078.7825927734375,1088.8146726752468,1068.8863664494722,1076.2010153934032,11235122
2021-12-08,1095.2008056640625,1101.405743762558,1089.8563933091182,1097.9183562650253,8744178
2021-12-09,1112.5701904296875,1120.9265028973477,1098.3259314492311,1102.8551026436394,13213547
2021-12-10,1113.702392578125,1116.8954302844725,1100.7488640809006,1105.2327501452526,8364414
2021-12-13,1091.373779296875,1120.564329866256,1088.8147242582452,1120.292622697696,12901733
2021-12-14,1078.012451171875,1089.7204159270498,1074.9552669933066,1077.9445243946013,12991523
2021-12-15,1074.86474609375,1089.2674997267343,1069.3843607457343,1079.7561930783932,9366969
2021-12-16,1088.769287109375,1094.0231302341062,1072.8039773873268,1089.5845283011158,9761279
2021-12-17,1060.0318603515625,1090.6264710688479,1050.7696168986836,1086.1199416955528,21049821
2021-12-20,1031.45263671875,1049.7957435304404,1017.7517924627566,1049.7957435304404,14325846
2021-12-21,1046.806396484375,1062.5452825090044,1038.1783778851348,1046.851681002988,12836561
2021-12-22,1071.6490478515625,1074.276029474332,1051.6754577350616,1052.988828746117,17658543
2021-12-23,1071.26416015625,1077.944705915956,1068.0031950967277,1075.2271551661324,9072401
2021-12-24,1074.68359375,1083.3795393185057,1058.7181649806878,1073.4153876003008,7886494
2021-12-27,1073.5286865234375,1077.0388360812635,1063.4966072069749,1069.588333994207,4017223
2021-12-28,1086.2781982421875,1089.1995288788441,1074.7967758285763,1075.9516508475376,6374613
2021-12-29,1088.1353759765625,1095.6085205634522,1078.8957755234705,1082.926817028114,15425312
2021-12-30,1068.4786376953125,1089.2449463146104,1062.3642685656102,1087.0030029803643,29333171
2021-12-31,1072.57763671875,1079.7110276415224,1068.8863489128844,1074.7742955921874,9477290
2022-01-03,1088.7467041015625,1090.603728995159,1070.4941656370397,1071.1509110384136,5421611
2022-01-04,1113.3175048828125,1114.6309956772857,1088.81462402871,1094.2044407783767,10847728
2022-01-05,1118.526123046875,1121.877776996668,1101.9267085410534,1115.0840198447643,11643813
2022-01-06,1094.47607421875,1111.4605249543165,1091.0791361515087,1110.1923187691705,14447422
2022-01-07,1103.3079833984375,1113.294777565113,1092.2341211399646,1101.0207557139988,13112115
2022-01-10,1104.2138671875,1112.8193642531028,1094.2723568788356,1110.5547786779957,9246731
2022-01-11,1112.1627197265625,1120.9492358826358,1102.8551919025351,1103.3081569787676,16205164
2022-01-12,1141.851318359375,1143.595131948247,1116.4426269818646,1119.2960312179016,14800442
2022-01-13,1148.2828369140625,1150.8645340891296,1136.0993826537385,1141.9194026287705,11856712
2022-01-14,1149.95849609375,1162.776052313962,1144.0026230998735,1148.146875628832,19930176
2022-01-17,1155.959716796875,1161.7344520199854,1149.0527486713804,1149.5057137125311,8036453
2022-01-18,1142.16845703125,1160.5342073047743,1139.4282640408564,1157.0921041700744,6215029
2022-01-19,1142.077880859375,1151.3173615953267,1136.3710722869748,1145.882379974198,9755485
2022-01-20,1122.08154296875,1136.8014098425185,1111.913489734347,1132.3175229917704,16494486
2022-01-21,1122.2626953125,1133.3139167394952,1110.5548482538704,1110.5548482538704,13338594
2022-01-24,1076.99365234375,1134.4463001586594,1066.6671028591084,1120.9718770080574,21868937
2022-01-25,1074.887451171875,1081.8623458947789,1043.9757327083191,1064.1532222498897,24510205
2022-01-27,1058.9674072265625,1067.119939925388,1046.7160258148951,1058.0163123551283,20020431
2022-01-28,1057.9482421875,1076.087568078922,1054.5740661673967,1071.1508364816766,14667727
2022-01-31,1080.933837890625,1089.9016105598887,1067.1650674426833,1068.9768076649402,12143683
2022-02-01,1077.355712890625,1096.3329211407809,1063.0435288455933,1090.6262332103474,13200509
2022-02-02,1079.5523681640625,1090.1732649193555,1075.7252273627023,1090.1732649193555,10017691
2022-02-03,1065.6025390625,1087.6596951339798,1063.0888887078768,1083.3795890325775,9572839
2022-02-04,1055.8875732421875,1063.6551874088461,1051.2678326966015,1060.2808911532845,11061241
2022-02-07,1049.4561767578125,1067.4370085401163,1043.9757907846413,1060.7338205814565,10714467
2022-02-08,1067.09716796875,1068.8862659765236,1046.240291320876,1055.5931024543218,12060849
2022-02-09,1079.5299072265625,1081.2056742872649,1067.9805561051007,1073.9363098694528,11486225
2022-02-10,1078.420166015625,1085.055306543387,1071.19608713209,1085.055306543387,12464491
2022-02-11,1076.314208984375,1079.982854527415,1061.6849113374171,1074.887506839841,15943370
2022-02-14,1059.1712646484375,1066.599124811997,1047.5991516117767,1059.9412213800138,10719633
2022-02-15,1095.1329345703125,1097.8278430466569,1057.880422222606,1064.9006018983252,11212671
2022-02-16,1092.8682861328125,1101.9492706042658,1085.16871921443,1100.5904953127101,10392840
2022-02-17,1106.704833984375,1111.8681080705421,1091.5321231787168,1096.1065786813085,12853252
2022-02-18,1098.0543212890625,1112.5476464311962,1096.129369451274,1107.1126644779383,6775458
2022-02-21,1086.9576416015625,1103.987376793005,1080.028031731223,1092.4379072087868,11107193
2022-02-22,1082.0208740234375,1085.146105195485,1063.066305633856,1065.6705251768456,13494914
2022-02-23,1075.249755859375,1089.9696221846223,1072.5096827529123,1087.5012562225045,7310110
2022-02-24,1021.6697387695312,1059.7829028603496,1016.0762603484627,1043.9759652550922,24846650
2022-02-25,1034.44189453125,1045.3118571320392,1030.9543872983322,1032.698081014629,14570089
2022-02-28,1068.682373046875,1072.2151647642706,1015.8948766365417,1015.8948766365417,21297446
2022-03-02,1086.3463134765625,1087.4560239699686,1054.9364629191114,1057.3142599474093,21471786
2022-03-03,1077.1746826171875,1093.7288113845136,1073.4381104672327,1087.002981514595,10186748
2022-03-04,1053.283203125,1070.8337101992126,1050.9280486616494,1065.7157207883167,10805667
2022-03-07,1014.3324584960938,1047.1916548725635,1006.3837060047663,1032.0641066685334,17983310
2022-03-08,1012.4979858398438,1017.253699474235,987.3610616449254,1001.6279629474421,21289374
2022-03-09,1066.214111328125,1072.0567736389658,1011.8865764630572,1012.724579802494,20414228
2022-03-10,1083.4927978515625,1089.267532756051,1068.8862634347242,1087.0029472759036,17980493
2022-03-11,1086.6177978515625,1091.9849715125902,1076.1553972318245,1076.1553972318245,12257423
2022-03-14,1095.5404052734375,1098.0541754406872,1075.2270625884603,1081.0697243173254,8340678
2022-03-15,1070.4488525390625,1099.6620420875429,1060.2128731362302,1099.6620420875429,15925769
2022-03-16,1088.520263671875,1090.5810688907009,1076.6311594559988,1078.8504605069668,11149828
2022-03-17,1124.0064697265625,1131.1172183134404,1093.8420644373464,1101.8361008572806,21422098
2022-03-21,1117.52978515625,1125.0482148088292,1104.6669425964524,1106.9315283978274,11999466
2022-03-22,1146.4031982421875,1148.124249688356,1111.2794206216663,1114.2232739689239,22557065
2022-03-23,1150.049072265625,1161.6664689349448,1142.7119015169374,1142.7119015169374,15462187
2022-03-24,1167.9166259765625,1170.407753742212,1136.823891628139,1136.823891628139,13168266
2022-03-25,1175.7069091796875,1184.8331776508987,1167.169339474114,1169.6604672992412,14222488
2022-03-28,1187.5281982421875,1191.0608703717303,1171.472198621402,1182.1157391354113,9891424
2022-03-29,1187.7999267578125,1194.7974641560254,1180.9382429362058,1194.7974641560254,8684065
2022-03-30,1210.6270751953125,1217.4434746814534,1185.331593767139,1195.6581430818142,15811550
2022-03-31,1193.325439453125,1209.1550162306944,1190.5400818204482,1207.0036419353132,13223718
2022-04-01,1202.8819580078125,1207.094137293246,1187.5507515318518,1193.891542920345,7922880
2022-04-04,1206.4375,1211.555489970758,1196.45070474843,1202.7009276541294,7929162
2022-04-05,1189.385009765625,1209.2455069018179,1186.9619284827404,1200.7305793203723,13149870
2022-04-06,1186.2147216796875,1193.2122590361132,1171.744039651222,1171.744039651222,12257215
2022-04-07,1165.2900390625,1180.304256772375,1162.640414854713,1175.367404397338,15496499
2022-04-08,1184.674560546875,1188.9093815757915,1159.4696542950783,1159.4696542950783,15152495
2022-04-11,1182.206298828125,1195.0464967892808,1169.886872844364,1177.5864392090166,9254209
2022-04-12,1159.945556640625,1178.7642727503164,1157.3865016457235,1171.6986884850992,13217742
2022-04-13,1155.6881103515625,1174.2351195875087,1152.9026326764838,1166.0373022107094,10354235
2022-04-18,1152.1552734375,1159.3793533809223,1142.1684779905993,1147.2411835351893,9974224
2022-04-19,1196.065673828125,1208.385101413979,1155.4163428280708,1158.564096562945,26141820
2022-04-20,1231.2347412109375,1238.277682969599,1199.8248909839451,1203.448252046231,25072240
2022-04-21,1260.06298828125,1263.1880996959114,1237.3717275306717,1245.9319403276972,21708633
2022-04-22,1249.510009765625,1269.0760391912017,1242.8973909745034,1249.5552942902013,15054154
2022-04-25,1220.6138916015625,1249.3288344946673,1206.41491600151,1242.0822318802027,17063215
2022-04-26,1257.1416015625,1265.9055943331985,1226.3658564890222,1227.4075203143414,12227666
2022-04-27,1258.3646240234375,1280.851985416539,1247.811532355269,1248.1739283672139,19338945
2022-04-28,1277.16064453125,1291.269050141953,1261.874601680994,1272.6767577965609,25614076
2022-04-29,1263.75439453125,1293.6016912062303,1257.8890896131295,1293.6016912062303,18214862
2022-05-02,1259.3155517578125,1270.6611211332292,1249.1701419744186,1250.9592399328203,9467006
2022-05-04,1220.0023193359375,1263.6410258882418,1212.1442565160846,1261.3764403153348,19247660
2022-05-05,1196.1109619140625,1236.4659436174286,1192.0800401164388,1233.5219702392728,17210669
2022-05-06,1186.9393310546875,1204.3087009820067,1174.6651887519583,1183.112189870724,19649948
2022-05-09,1140.583251953125,1176.2732081933118,1135.4652620079833,1166.2410086662385,18083752
2022-05-10,1120.813232421875,1144.3423749690376,1113.2721615832613,1130.0301899582084,19511677
2022-05-11,1109.3319091796875,1125.478478168712,1096.9445548183617,1119.9075231154202,16643899
2022-05-12,1086.7313232421875,1102.787203178042,1073.4155164726255,1099.458311385817,20490321
2022-05-13,1099.0506591796875,1122.3306194635952,1093.9553113783713,1098.7789520224087,19308778
2022-05-16,1099.322509765625,1123.689419002713,1094.544153545097,1102.60611718799,13437911
2022-05-17,1145.497314453125,1150.366239393939,1101.496331090796,1102.9003909379085,16551828
2022-05-18,1149.6641845703125,1163.9990123371506,1136.0313867118257,1150.2530031709177,17276788
2022-05-19,1123.16845703125,1137.956250241304,1116.918234266966,1125.0481241931686,14699118
2022-05-20,1188.6605224609375,1197.6962234407256,1133.200752456055,1137.9563467189944,21793091
2022-05-23,1180.7117919921875,1201.8403770570499,1174.4161648907582,1191.8534622113486,15252755
2022-05-24,1184.765380859375,1194.7974606402702,1176.5449216952304,1180.7571013596234,13527818
2022-05-25,1183.0216064453125,1203.2670225299603,1178.2658929997126,1193.4387237828619,12714544
2022-05-26,1171.743896484375,1193.393371125466,1154.0347740615534,1188.6376579513867,17882023
2022-05-27,1166.308837890625,1179.9189929679753,1150.4567396045152,1174.4387272800036,16521973
2022-05-30,1206.9356689453125,1211.1024440039564,1174.959644745959,1184.3802630005096,13853398
2022-05-31,1192.37451171875,1213.2766769254029,1184.697585806112,1196.3375071337728,70620653
2022-06-01,1192.75927734375,1202.587575606305,1184.9237375655662,1193.1215535044294,9776989
2022-06-02,1233.88427734375,1237.5755649319342,1192.98576447725,1192.98576447725,22126569
2022-06-03,1258.8853759765625,1276.0283243723425,1241.9009234208313,1242.8068535360608,23939791
2022-06-06,1253.47314453125,1274.5111629536582,1246.3396331112071,1259.1120268728403,11093152
2022-06-07,1255.828125,1264.139152836091,1246.4527910651425,1254.5372764842177,12358255
2022-06-08,1233.7711181640625,1259.564728048269,1230.260968517713,1255.8281557796806,12479250
2022-06-09,1267.60400390625,1269.5288357275542,1227.4075206691546,1227.4075206691546,17278305
2022-06-10,1229.33251953125,1263.5957731905057,1223.5577842447772,1255.4432409626409,18093057
2022-06-13,1206.074951171875,1210.5588374187555,1184.9690106078476,1200.2324095352897,17620803
2022-06-14,1190.3135986328125,1210.1288135182253,1183.6783373201108,1200.2552293704455,14714312
2022-06-15,1175.910888671875,1194.4805402025763,1170.5211912252462,1185.5354082981676,11195535
2022-06-16,1159.4698486328125,1204.331357067944,1156.752298028243,1188.0036507794862,17111475
2022-06-17,1173.057373046875,1188.8415454022556,1157.7035234680366,1159.4698594973618,24457187
2022-06-20,1151.79296875,1185.331550638825,1141.8513382748356,1179.851164692969,12066797
2022-06-21,1170.3851318359375,1174.597191210546,1145.1122963870148,1159.4697654774316,11720049
2022-06-22,1134.8311767578125,1158.6999555030718,1132.7477291666964,1158.6093864513275,10617206
2022-06-23,1116.419921875,1143.6177098347453,1107.3842221697334,1139.1111811125647,19446323
2022-06-24,1132.3175048828125,1137.2768791745684,1117.8014186070498,1123.2365200121847,14240234
2022-06-27,1128.9656982421875,1152.6533352328772,1123.9382780429507,1152.6533352328772,15474529
2022-06-28,1144.840576171875,1147.67133814574,1124.187598454475,1124.187598454475,13572847
2022-06-29,1168.5960693359375,1176.2278290145132,1132.7476201425022,1135.5557396776305,19205146
2022-06-30,1175.616455078125,1184.7880089664673,1162.1874370508547,1168.5282289340553,23112959
2022-07-01,1090.943359375,1173.9631898181497,1071.150907551117,1166.2183382001654,81997149
2022-07-04,1093.2078857421875,1106.0254419629423,1071.648979247077,1077.4689986763794,41857728
2022-07-05,1102.0625,1116.3973279805082,1094.7478514073186,1097.42011751126,17647327
2022-07-06,1092.3699951171875,1106.0027924376789,1081.5679595799388,1096.106567126978,23943726
2022-07-07,1081.61328125,1102.0624779330788,1075.6800503518655,1098.7335863010783,23301033
2022-07-08,1083.1080322265625,1095.155633472675,1079.0996326989614,1095.155633472675,19010108
2022-07-11,1097.8277587890625,1100.046939975301,1073.4154479368833,1076.3594210782474,13847467
2022-07-12,1096.2650146484375,1104.9837222205626,1088.8145132177926,1088.8145132177926,10778989
2022-07-13,1076.8349609375,1102.4022679488555,1074.7742754785731,1099.3677256155834,14224132
2022-07-14,1085.712158203125,1102.3796184650857,1076.5632467388843,1081.5680252499114,16970315
2022-07-15,1087.8182373046875,1093.796752824721,1079.3487135847495,1093.796752824721,9603210
2022-07-18,1097.0804443359375,1098.3258884954794,1083.5154537448523,1096.5142680086967,15160908
2022-07-19,1103.806396484375,1108.2902834767385,1087.1389350761635,1087.1389350761635,16439888
2022-07-20,1133.6534423828125,1151.543703777921,1126.0670869457035,1150.4114709277653,23924246
2022-07-21,1126.0897216796875,1132.2947793542016,1117.484344754926,1129.5772288514759,16523230
2022-07-22,1133.6988525390625,1139.6773678755283,1130.030207237111,1132.2947927493988,10969995
2022-07-25,1096.242431640625,1117.5522733397709,1088.361726850526,1117.5522733397709,23110452
2022-07-26,1096.7408447265625,1106.8862563190191,1092.1437462800975,1096.5597066124965,11303288
2022-07-27,1095.698974609375,1099.2316463703332,1087.90871936657,1096.038608509345,8655086
2022-07-28,1112.86474609375,1117.7788361232904,1096.5143960795697,1103.3081533989875,12496073
2022-07-29,1136.57470703125,1140.039571763476,1115.9896583759382,1120.8358207488034,15130683
2022-08-01,1166.1956787109375,1172.038340631328,1135.7369249153332,1140.9681259695833,15700044
2022-08-02,1170.6343994140625,1181.1194448466035,1160.1719962455124,1165.1314906618964,13917913
2022-08-03,1180.4625244140625,1182.11564904104,1162.8440902328596,1177.586478112168,14250977
2022-08-04,1164.8594970703125,1185.6258045890304,1148.1468730281574,1182.1156551708407,14467127
2022-08-05,1147.6939697265625,1167.9846710602349,1144.5009315875282,1166.7165845896059,13942438
2022-08-08,1162.7081298828125,1170.1359894573532,1146.3351396535795,1146.3351396535795,10165178
2022-08-10,1169.6605224609375,1173.0120563323646,1158.1336946618562,1167.1241099957583,10724688
2022-08-11,1173.5556640625,1182.0704726435374,1168.618812190309,1178.990645714219,8198226
2022-08-12,1192.53271484375,1196.314571208688,1169.5245850188705,1173.1931102851886,12650587
2022-08-16,1200.8211669921875,1203.5387175050762,1189.9512045412775,1198.511296976361,6607378
2022-08-17,1207.0941162109375,1212.4158859762824,1202.7460834374597,1207.0261894301318,6595965
2022-08-18,1209.2833251953125,1212.7820913718717,1199.6955520359063,1208.6925853891362,7410035
2022-08-19,1187.7220458984375,1209.4648732471105,1183.677852607992,1204.148456169832,9460724
2022-08-22,1184.427734375,1195.651309470641,1175.0672431781986,1189.1535324408326,9471680
2022-08-23,1202.694580078125,1205.6027266806439,1177.4982950302235,1178.7024907985585,9678484
2022-08-24,1199.490966796875,1213.2365143204822,1197.4917062121833,1199.6500999587201,10369622
2022-08-25,1195.9923095703125,1210.0103318429638,1191.6982378249359,1203.6715670494066,7871946
2022-08-26,1189.6077880859375,1204.1485194816453,1184.6095168359632,1196.4237108559755,10742038
2022-08-29,1180.36083984375,1206.4204546360302,1171.4546722003442,1174.6126958822672,19838975
2022-08-30,1198.6729736328125,1201.990130578996,1170.795826558723,1187.790261371782,23139054
2022-09-01,1163.4346923828125,1183.6780172121637,1159.0270403092493,1173.5450568236956,19909939
2022-09-02,1149.8482666015625,1170.2278880627014,1147.6671567250864,1163.4346809089884,12999345
2022-09-05,1167.7060546875,1173.0224725362493,1150.0754462865928,1150.0754462865928,11327815
2022-09-06,1179.9974365234375,1184.1552111927028,1168.7057123414318,1169.1601553219334,10899618
2022-09-07,1173.1361083984375,1179.1114147484413,1167.796974159679,1170.0689487334319,7488501
2022-09-08,1174.7945556640625,1180.519984126391,1168.2513462113554,1176.0896159479148,7057077
2022-09-09,1167.4788818359375,1185.9727033347192,1165.0704903678632,1185.9727033347192,8314850
2022-09-12,1180.5426025390625,1186.8814864106484,1168.04668408102,1168.04668408102,7435419
2022-09-13,1190.403076171875,1194.9243089400052,1181.8832020191865,1189.607891122723,8888657
2022-09-14,1176.135009765625,1185.9726599528265,1169.046493026583,1170.0688394223355,8678219
2022-09-15,1164.4798583984375,1183.041828116281,1161.776157155841,1173.7040529111878,10365600
2022-09-16,1135.625732421875,1160.0722649582217,1131.899684568862,1155.8690579820689,20217708
2022-09-19,1137.1025390625,1146.3040180403946,1127.5147655140897,1135.6257495827476,7580254
2022-09-20,1137.2841796875,1153.119972213298,1133.5808482063046,1146.1903481529216,8411448
2022-09-21,1140.419677734375,1150.9843653188254,1133.7173348356014,1134.5125199123227,9207309
2022-09-22,1129.673095703125,1137.3523524884633,1123.3116153435435,1129.6276634257686,10308170
2022-09-23,1108.498291015625,1134.1488981287762,1106.9533532004177,1129.1733426023927,9528051
2022-09-26,1080.257568359375,1098.6379294477279,1079.257938059937,1087.845960638479,12479523
2022-09-27,1088.845703125,1102.3639690673094,1072.4192906698377,1087.8232365030442,16154822
2022-09-28,1059.8551025390625,1080.5528678614462,1057.4241154049128,1072.5327497220442,16997059
2022-09-29,1056.606201171875,1075.7816245647894,1051.017070236145,1072.373723430393,14671827
2022-09-30,1080.439453125,1091.4584634929545,1050.1084789606275,1050.1084789606275,18613024
2022-10-03,1076.690673828125,1098.2516553264609,1073.7370949613044,1086.687337582096,11852723
2022-10-04,1096.5477294921875,1098.7288394831442,1086.0739063841288,1089.5500767240444,8948850
2022-10-06,1100.5916748046875,1113.269322563035,1098.7968595905177,1103.7271026820092,13352162
2022-10-07,1105.2493896484375,1110.4976589700225,1097.2065545320427,1097.2065545320427,7714340
2022-10-10,1093.1851806640625,1098.547030597458,1085.0969133921378,1092.8216022630288,6329527
2022-10-11,1071.41943359375,1096.9110251312234,1068.32955827905,1096.9110251312234,9215177
2022-10-12,1079.3033447265625,1082.2342073300697,1064.6944639855953,1068.7386577474495,7417103
2022-10-13,1082.734130859375,1087.8232672093102,1072.4193209412924,1077.5540097610362,7328492
2022-10-14,1077.23583984375,1097.9790399185752,1076.5088032110611,1097.3655839798673,9106089
2022-10-17,1094.5255126953125,1096.911067683068,1064.9216983657,1070.1018190034106,16729355
2022-10-18,1113.8375244140625,1119.1766588278992,1099.705801236905,1100.5464186357249,12415820
2022-10-19,1133.2174072265625,1148.6441893082867,1109.497912475689,1115.3142054707246,19247142
2022-10-20,1136.2618408203125,1144.6227018334394,1129.173323936751,1129.173323936751,8717053
2022-10-21,1123.0843505859375,1143.6231056125362,1120.9942254138175,1139.4880471639096,8243452
2022-10-24,1126.8331298828125,1137.1252236758137,1115.6778227953112,1117.8133802746593,3370033
2022-10-25,1109.4298095703125,1135.5348605120162,1107.8167232856267,1135.5348605120162,12233241
2022-10-27,1113.7918701171875,1121.6529753517277,1105.4537260220727,1116.90446154382,12513059
2022-10-28,1147.871826171875,1151.8931840194223,1117.5635667319068,1120.0854189154575,17609592
2022-10-31,1158.5272216796875,1163.6846262416873,1150.62068370947,1154.6194450652783,12419943
2022-11-01,1149.552978515625,1181.428769564145,1139.6244632866772,1181.428769564145,13963166
2022-11-02,1156.7322998046875,1158.7998289194838,1142.8051438822936,1150.666129478395,8981896
2022-11-03,1161.049072265625,1163.048452941367,1147.3717940343818,1149.5529038103175,6693449
2022-11-04,1178.1343994140625,1181.428720196316,1159.2088516372303,1160.4810755593053,12575815
2022-11-07,1184.427734375,1186.1090891689403,1169.6145286927685,1177.3392175630618,11789748
2022-11-09,1183.246337890625,1191.4027533204435,1176.9074538352093,1186.1090519678319,11254205
2022-11-10,1168.932861328125,1179.8610058478407,1164.6160741722886,1176.8847111507705,5966242
2022-11-11,1195.8785400390625,1197.7869359415272,1175.9759587388326,1181.4286729917058,12310132
2022-11-14,1190.0850830078125,1200.5134736804264,1183.7689145270133,1195.4015009715274,9043112
2022-11-15,1184.7459716796875,1193.4248592098502,1176.8848651845096,1191.561895358841,7086433
2022-11-16,1177.95263671875,1188.6763362500183,1172.954245151571,1185.972635134196,9716161
2022-11-17,1180.9971923828125,1187.3359568517499,1172.3409009131724,1174.5901593039591,6661451
2022-11-18,1180.36083984375,1185.518244075579,1168.2966485184213,1184.4957775689334,5303197
2022-11-21,1159.1180419921875,1175.9760614312995,1155.5737233322704,1175.9760614312995,6390268
2022-11-22,1165.547607421875,1167.1152613187112,1152.5746494360667,1156.4369938334312,6611488
2022-11-23,1161.9124755859375,1171.3866679891707,1159.7313656787815,1170.0688915510787,6413408
2022-11-24,1171.931884765625,1178.702375351731,1157.8910283853108,1165.9792953074673,9389439
2022-11-25,1189.426025390625,1192.7430620390162,1173.294924490057,1176.4303522401324,7349922
2022-11-28,1230.299072265625,1236.4333911015242,1136.8980043426527,1185.472920181286,31527484
2022-11-29,1232.4119873046875,1241.2500078770877,1224.1419904117938,1228.6632233258865,11058913
2022-11-30,1241.1136474609375,1247.5206802015884,1226.0504438987869,1232.54834119291,26164986
2022-12-01,1237.455810546875,1251.8601266305577,1234.1387734132652,1245.862104269674,9485801
2022-12-02,1236.9329833984375,1248.679148346858,1227.1407666492871,1240.5000175780488,11589592
2022-12-05,1218.8936767578125,1234.4794719283639,1216.871700030192,1232.3210781772725,14828536
2022-12-06,1222.4151611328125,1225.5050364637573,1209.146773966004,1211.0098577338963,8594245
2022-12-07,1204.375732421875,1224.5963402295367,1200.5815364526634,1220.0523915216042,8462111
2022-12-08,1203.8077392578125,1210.9645247591304,1199.6500849785011,1208.6925503476532,7757008
2022-12-09,1185.5638427734375,1208.6925984914808,1182.2694016212881,1202.3309977712286,12655763
2022-12-12,1187.38134765625,1191.8798642806923,1174.6128344148897,1174.8401159938364,9479842
2022-12-13,1192.7886962890625,1196.4237590933476,1184.473147579326,1187.381293975718,8333348
2022-12-14,1188.471923828125,1199.127475241392,1186.4271108317469,1198.5367354613884,7268947
2022-12-15,1171.591064453125,1188.244637773301,1168.2513114103942,1182.564761948623,8688551
2022-12-16,1165.7974853515625,1189.9714223850988,1162.412300039899,1168.2513090093973,15837349
2022-12-19,1181.1107177734375,1183.2463953663826,1166.2973916450521,1172.7952889779006,7729933
2022-12-20,1191.3345947265625,1193.242990634255,1165.9792991040035,1174.1129983269077,7467588
2022-12-21,1174.3856201171875,1196.4237592798247,1170.5687080191292,1190.9710448813423,8527550
2022-12-22,1171.3411865234375,1183.541675654874,1166.3200787009303,1180.5199485444361,7451122
2022-12-23,1136.9888916015625,1177.112082738486,1132.4676588679463,1164.7524600759673,10257115
2022-12-26,1146.9173583984375,1155.0737739248264,1132.5357596211306,1142.6915558359974,5990242
2022-12-27,1156.3006591796875,1158.1636228081527,1142.9186909584178,1149.6210331376262,5763271
2022-12-28,1156.187255859375,1158.618243480646,1145.7588646322624,1153.2563929529824,7459393
2022-12-29,1155.66455078125,1158.209118855438,1147.5762834083114,1148.2578877514563,6930648
2022-12-30,1157.4365234375,1170.9775038842033,1154.6647942823151,1156.4823255378853,7289476
2023-01-02,1170.477783203125,1171.88642405352,1157.8910002870925,1158.708901395193,5316175
2023-01-03,1161.9124755859375,1169.160125804233,1157.7093889350726,1165.5476587645308,7658932
2023-01-04,1144.418212890625,1163.7300547153022,1142.3506838068283,1161.8896870062515,9264891
2023-01-05,1142.3734130859375,1152.5292093307505,1137.8067482537933,1146.6674842652508,13637099
2023-01-06,1152.7564697265625,1157.777577935928,1144.3047436595773,1148.0989399434065,6349597
2023-01-09,1179.974609375,1182.3375684218504,1155.687212453628,1156.5732620005954,10722753
2023-01-10,1162.5260009765625,1184.1552520379166,1156.8915568565494,1184.1552520379166,8047142
2023-01-11,1147.871826171875,1162.3442913861395,1145.5770152034006,1159.8451553432185,11509553
2023-01-12,1123.0843505859375,1150.7570549852321,1120.0853394706564,1147.2810049505638,17688773
2023-01-13,1121.266845703125,1123.675117069892,1106.2717897707075,1117.0863548772086,20618583
2023-01-16,1110.5885009765625,1126.7421991055548,1102.8182596793808,1123.584175159578,13623855
2023-01-17,1126.3560791015625,1128.2644751675343,1113.5421334042796,1116.9046027544262,10751000
2023-01-18,1124.492919921875,1131.9450149571076,1117.9724269094495,1123.947732620178,13448286
2023-01-19,1123.2889404296875,1127.4238787769261,1116.2911675478767,1123.6751148013898,11940054
2023-01-20,1109.9296875,1124.6293134044963,1107.475983857866,1124.6293134044963,14930286
2023-01-23,1104.31787109375,1120.630703944606,1101.9095996617807,1112.8151498129876,10954118
2023-01-24,1097.7972412109375,1110.3839043654414,1084.8014472016187,1108.7253859560433,16488755
2023-01-25,1082.6202392578125,1097.2291180769223,1081.4615961665293,1096.2067717974144,12385018
2023-01-27,1062.081787109375,1084.8015319770323,1050.403768536496,1083.4611595770739,25830975
2023-01-30,1072.2603759765625,1077.7812395145372,1045.564583725004,1059.5145777715713,21772103
2023-01-31,1069.5792236328125,1084.9378563899695,1063.7402148448057,1082.370452122445,22691594
2023-02-01,1063.2406005859375,1081.4391134749721,1047.382090519888,1081.4391134749721,19347800
2023-02-02,1057.3560791015625,1066.9210156997124,1050.1084290116537,1053.2891691648742,13662663
2023-02-03,1058.28759765625,1067.3754956611733,1041.9293331709027,1067.3754956611733,24699575
2023-02-06,1050.3128662109375,1054.6523697762398,1047.7455820077842,1051.9259524136774,14837879
2023-02-07,1047.7908935546875,1057.5603943899198,1041.9291690153093,1050.5627428744976,15135435
2023-02-08,1068.7159423828125,1072.3284093286718,1048.290888887822,1051.017186057536,21160332
2023-02-09,1070.578857421875,1077.3039157739506,1060.559478401166,1069.3974980927496,13172763
2023-02-10,1061.763671875,1070.0563840638993,1054.7886158361225,1070.0563840638993,10790445
2023-02-13,1055.7203369140625,1067.8299624778901,1051.2672523692866,1063.3768779331142,10352493
2023-02-14,1080.598388671875,1082.3250555378218,1055.8565481440585,1058.7192622894795,14321920
2023-02-15,1105.0675048828125,1107.4531801088635,1078.2809718116707,1079.6440602664363,33503591
2023-02-16,1104.2042236328125,1119.5401413378127,1101.9322491792432,1113.019527781497,17264487
2023-02-17,1108.8162841796875,1112.1334412904273,1095.3661670147737,1099.6375221146495,11809520
2023-02-20,1097.093017578125,1113.1558521216361,1095.1390690194628,1110.9974583087273,8836937
2023-02-21,1106.044677734375,1111.8154187780797,1096.1614739086865,1101.4552961916092,13311592
2023-02-22,1080.9619140625,1104.1815344089787,1079.212530949885,1102.3412867389513,11024335
2023-02-23,1075.78173828125,1088.1640768500556,1072.9872927091903,1080.5529686414243,9851910
2023-02-24,1083.142822265625,1088.8001014405165,1076.0088741166164,1077.8264053087537,9434053
2023-02-27,1075.9407958984375,1085.8467152410444,1068.6024012348664,1082.3705449963543,11199715
2023-02-28,1055.356689453125,1075.55458156191,1051.3126158801917,1070.6016220746747,21994038
2023-03-01,1065.0579833984375,1065.7850199744744,1055.6746563210354,1065.1034156724897,11551145
2023-03-02,1056.9471435546875,1068.57973034707,1054.925046511839,1061.9228195758383,9333535
2023-03-03,1083.91552734375,1087.573426851757,1063.9903475271667,1067.44368158329,14643807
2023-03-06,1094.5028076171875,1101.7277412564927,1090.5495987349282,1090.5495987349282,10171916
2023-03-08,1098.4334716796875,1099.1832244435238,1083.7337262043,1094.5028585607813,15782657
2023-03-09,1072.032958984375,1098.2288726400263,1070.147279158801,1097.8199821583767,16235128
2023-03-10,1055.4248046875,1065.1034417835135,1051.9486346812796,1063.967514713159,13334091
2023-03-13,1038.0670166015625,1065.1035499544928,1033.7502288751577,1058.2876262665352,12771592
2023-03-14,1034.181884765625,1047.3592882483779,1031.0465769110588,1036.0221323528851,16027522
2023-03-15,1016.505859375,1044.3375763114452,1012.1209234658597,1037.885231401589,21728555
2023-03-16,1011.4393310546875,1024.207844384365,1000.6701985245505,1019.2095726723305,18363159
2023-03-17,1010.1670532226562,1023.2763079373278,1005.4413153341551,1020.0047033408911,34014213
2023-03-20,1000.2384643554688,1008.7583980790381,990.5825434751304,1006.4864237654998,19524589
2023-03-21,1031.341796875,1033.2957451749278,1007.3951430408976,1008.2811925498517,21400360
2023-03-22,1034.4771728515625,1041.2249475152355,1031.47816188993,1038.294084967167,10920094
2023-03-23,1021.3906860351562,1031.4327819622354,1019.2322922558061,1030.5694484887376,16249370
2023-03-24,1001.1699829101562,1022.3902814688943,998.7617116838695,1020.231887763167,12375945
2023-03-27,1016.7329711914062,1024.207782359069,999.7613722312702,1007.6224178329715,14054323
2023-03-28,1021.4815673828125,1025.3439120336418,1016.4831753805086,1020.1183586375283,12576424
2023-03-29,1015.4381103515625,1020.0274916428302,1004.71434981678,1017.391938716083,18804065
2023-03-31,1059.2191162109375,1064.8536804760474,1024.5260415402947,1024.6623383806666,28171201
2023-04-03,1059.40087890625,1067.3755664241319,1051.9260666767912,1065.5580347791372,10293043
2023-04-05,1056.856201171875,1066.9210129823457,1048.995215362799,1066.9210129823457,16262928
2023-04-06,1063.9447021484375,1069.6474143387793,1053.3572991214214,1053.3572991214214,18435046
2023-04-10,1056.4017333984375,1068.0116029231133,1054.9022279148219,1067.829873819937,12961408
2023-04-11,1061.6273193359375,1063.7402807994256,1056.0383079017138,1060.559540630498,10542367
2023-04-12,1066.3076171875,1075.9179854968688,1058.7646577412916,1061.6272515959452,18179087
2023-04-13,1070.3291015625,1075.0093475188144,1064.1947822733791,1069.1930541875877,12378208
2023-04-17,1075.759033203125,1101.8867990924884,1067.3981721567704,1101.8867990924884,17929479
2023-04-18,1063.4449462890625,1080.0985197030036,1056.9243329412964,1080.0985197030036,10405576
2023-04-19,1068.7386474609375,1071.4195123263064,1059.741614492453,1062.8542061722762,12273475
2023-04-20,1066.034912109375,1071.9193532094926,1059.6961482625013,1069.692811176778,7007330
2023-04-21,1067.37548828125,1072.8282030082607,1061.6500596936005,1068.1252410633845,7647317
2023-04-24,1071.465087890625,1081.8706418346944,1066.9210188410907,1079.1897769115358,12936186
2023-04-25,1079.666748046875,1081.7342770992536,1068.0569991057368,1075.1000833366595,9236126
2023-04-26,1073.328125,1084.2336751201349,1069.6702254865136,1081.0073822687018,8617834
2023-04-27,1080.1212158203125,1083.2792397187284,1074.191342363561,1079.189733985385,9167125
2023-04-28,1099.8646240234375,1101.409681900637,1082.2568535921685,1082.3704342762564,15565210
2023-05-02,1109.2025146484375,1111.3609082117491,1103.3180737047812,1106.9986888116582,12981805
2023-05-03,1099.682861328125,1110.997299985596,1096.4794053699195,1110.997299985596,7061872
2023-05-04,1112.360595703125,1114.564421653396,1097.1838117593734,1100.1601065895743,8635233
2023-05-05,1109.5205078125,1118.4266754436653,1106.9077915916328,1109.1797657715506,8746585
2023-05-08,1123.220703125,1128.5598368262858,1110.6112034431017,1113.269352129285,9153782
2023-05-09,1126.69677734375,1129.9912183396398,1119.290114376559,1124.6292481933926,6464721
2023-05-10,1134.4443359375,1135.9211253467272,1127.446563252221,1131.4453248412979,10872255
2023-05-11,1127.03759765625,1140.3058651251242,1125.3335267806174,1135.51203899488,10557860
2023-05-12,1128.8778076171875,1130.2637323324755,1116.2228762779578,1122.2663301444138,6955341
2023-05-15,1131.1044921875,1138.0567125858797,1123.7886933664054,1131.3999221918086,6833343
2023-05-16,1114.99609375,1135.8073202110538,1113.3374551908087,1133.2627523170945,8717229
2023-05-17,1108.4073486328125,1120.0852459817609,1103.7271032383842,1119.1764803056624,8798967
2023-05-18,1106.0218505859375,1116.4502407386783,1102.8864225456616,1113.0649351771951,10525531
2023-05-19,1109.611572265625,1111.4292240517473,1099.1150328365684,1106.0219413561279,8050447
2023-05-22,1115.541259765625,1120.539651102296,1105.2492875108546,1106.4533629289124,7434906
2023-05-23,1115.3367919921875,1121.4483940779485,1113.9281511842048,1118.1086413363598,6092034
2023-05-24,1108.8388671875,1119.630834331706,1105.748992019405,1111.4062712432678,8112254
2023-05-25,1108.70263671875,1112.8149786046417,1097.842640709934,1105.9536236071287,11487863
2023-05-26,1138.9427490234375,1140.0786760550607,1113.6101699812016,1116.9044905832286,12626260
2023-05-29,1145.3497314453125,1149.6210865747194,1139.2608448772517,1145.5314605509366,10010304
2023-05-30,1145.0543212890625,1153.1198717474913,1142.50963326853,1145.3496310598186,11342504
2023-05-31,1122.3118896484375,1140.4650896335454,1118.2678159183406,1135.9892890678166,27107927
2023-06-01,1119.2900390625,1129.1278089205925,1116.9044841377781,1126.9694153626442,14592692
2023-06-02,1115.6322021484375,1128.1962696801756,1113.7238061790024,1122.8117036497752,15800644
2023-06-05,1125.6517333984375,1128.6053121788445,1117.1090229973545,1121.085068396339,10908682
2023-06-06,1126.6058349609375,1130.4000307352399,1118.7221336360576,1128.4689187387335,7493309
2023-06-07,1135.148681640625,1135.9892989888378,1123.5388113588674,1130.0821412207565,10312545
2023-06-08,1135.8302001953125,1143.6458744813403,1131.8997070078415,1138.7156307485393,12071109
2023-06-09,1127.7872314453125,1139.8741383055774,1125.9922962095304,1139.1698179304815,5877018
2023-06-12,1128.7869873046875,1131.0816777652867,1120.0852643496842,1124.8564945620458,6391969
2023-06-13,1145.46337890625,1146.6448585440896,1129.741286337972,1133.7173319025067,11248016
2023-06-14,1159.549560546875,1160.9809175855808,1143.7138887627082,1145.5314201372407,13277380
2023-06-15,1159.86767578125,1164.4116242878063,1152.1201510303479,1159.5268135380984,11813494
2023-06-16,1171.1595458984375,1173.431520437393,1163.3438717544047,1163.3438717544047,24171579
2023-06-19,1159.5269775390625,1174.1585755296505,1155.369322961202,1174.1585755296505,6798554
2023-06-20,1161.9351806640625,1165.070488566,1151.893084884151,1157.5957972211602,6921096
2023-06-21,1165.2069091796875,1167.728761153971,1157.800246036839,1161.889751966922,6961603
2023-06-22,1152.1202392578125,1169.296404389101,1150.52986917785,1161.4354185434336,7619166
2023-06-23,1142.691650390625,1151.1660925456156,1141.4420223330224,1149.1212794125972,6628570
2023-06-26,1133.9671630859375,1142.9869124040958,1130.8545713330911,1139.1700001634836,12641159
2023-06-27,1134.376220703125,1140.305974461151,1129.9231362063101,1134.4216529822017,9689466
2023-06-28,1149.3939208984375,1153.1881169201986,1135.0122016455275,1141.896393407388,11354006
2023-06-30,1158.8226318359375,1161.7307784588775,1151.1888070463274,1157.0732487107562,11151555
2023-07-03,1188.5628662109375,1191.425580555085,1161.1400387375704,1162.3669506539804,12154387
2023-07-04,1176.31689453125,1192.7887391966194,1169.2736896643748,1192.7887391966194,8061643
2023-07-05,1174.3856201171875,1185.5183304828597,1170.432411192628,1185.5183304828597,10248062
2023-07-06,1199.03662109375,1201.6266214253383,1170.546016490242,1170.546016490242,19117987
2023-07-07,1196.6964111328125,1210.9417123971473,1194.15172307179,1197.3325831480681,13375267
2023-07-10,1242.7947998046875,1252.3144236363512,1215.508392547687,1221.8244401255106,33240016
2023-07-11,1256.267578125,1258.6758491021378,1243.9535094175255,1250.905728718348,20069348
2023-07-12,1257.6536865234375,1273.2167658916628,1254.8818367760516,1256.9947982953927,18733835
2023-07-13,1246.4073486328125,1271.8535100977601,1243.794632147719,1264.992154591986,14682934
2023-07-14,1245.3621826171875,1254.5409440468316,1238.2735461254954,1249.5879849572364,15124144
2023-07-17,1270.8084716796875,1279.1466167196916,1239.5914489485467,1248.225023984058,22220040
2023-07-18,1281.600341796875,1289.3250310279557,1269.127138140066,1280.0326878114854,25867313
2023-07-19,1291.3243408203125,1297.7540895736324,1270.944719940005,1285.9397747939042,39122156
2023-07-20,1289.7606201171875,1295.2251136644823,1270.1422890108254,1270.1422890108254,38717624
2023-07-21,1249.834716796875,1287.3235564344566,1242.3763715855305,1284.4190157057792,30249238
2023-07-24,1224.554931640625,1238.1179088392782,1215.6443158350814,1221.4042392370138,23727866
2023-07-25,1223.767333984375,1233.3179681079685,1220.9119513502328,1227.8041962368873,12026020
2023-07-26,1243.65625,1253.8961800235134,1223.3733833366434,1223.3733833366434,12911012
2023-07-27,1232.087158203125,1249.2931304965796,1226.0072859774648,1247.5209111436616,17226898
2023-07-28,1244.4686279296875,1251.853175548335,1231.0287272255082,1236.6902137331379,20827852
2023-07-31,1255.00390625,1257.2930680054526,1239.594792375287,1244.4686660676819,8551174
2023-08-01,1237.25634765625,1259.803857697837,1233.3672005487501,1257.8346449464532,9536632
2023-08-02,1224.0380859375,1236.665614699006,1212.8381883521488,1235.2871417271826,12748214
2023-08-03,1218.8934326171875,1231.201012494138,1210.1058926997707,1218.5981228148664,10168350
2023-08-04,1235.45947265625,1238.6348041373592,1216.776590964359,1230.1672134573323,22885610
2023-08-07,1242.4996337890625,1244.739517474421,1233.219669239453,1241.096521418228,5982870
2023-08-08,1235.0162353515625,1247.7176805176769,1230.5363488514104,1244.5423492739476,9844072
2023-08-09,1243.1639404296875,1245.034716513302,1221.453442754676,1233.1456430382627,11486586
2023-08-10,1248.702392578125,1255.3731247892663,1234.9179033647526,1243.0409059369185,15470598
2023-08-11,1253.969970703125,1259.7300139419374,1236.837916549459,1246.733138146324,22179330
2023-08-14,1268.788330078125,1271.274485095857,1243.065489745762,1249.9577340453427,9575812
2023-08-16,1267.7545166015625,1271.5207081344915,1255.8654425931288,1255.8654425931288,10203112
2023-08-17,1249.465576171875,1269.2069834305885,1246.9302626576266,1263.7916479940673,13673744
2023-08-18,1258.7208251953125,1268.960755625946,1234.9671961841154,1246.142454602955,18639978
2023-08-21,1244.986328125,1262.5000997685252,1242.8371963360953,1254.8424457661688,9221746
2023-08-22,1244.68994140625,1253.8544488619668,1234.6115281978846,1243.4548358358238,7713044
2023-08-23,1246.0732421875,1256.2752862282496,1243.4795205761563,1247.061326610869,9517952
2023-08-24,1225.1259765625,1254.8178429548684,1220.778380707161,1254.8178429548684,14140020
2023-08-25,1219.46923828125,1237.5758385308063,1206.7476503203045,1213.3677682361918,22222400
2023-08-28,1207.3155517578125,1227.2007490808824,1201.0659665597248,1221.2722430466752,12580826
2023-08-29,1195.755126953125,1212.107851949824,1189.7277154191993,1211.4162410930335,16876644
2023-08-30,1194.618896484375,1206.9452265993075,1193.1120434864215,1201.5107618049594,12168946
2023-08-31,1189.15966796875,1198.0524282609965,1185.651919829385,1197.0643437840804,21638600
2023-09-01,1191.9508056640625,1198.3733539411996,1186.5163417372542,1188.937220765019,18112842
2023-09-04,1190.987548828125,1197.3853714174265,1188.3197691016735,1191.950907028467,9347626
2023-09-05,1197.36083984375,1202.4741047382813,1191.852196412095,1195.5822395056102,8675876
2023-09-06,1199.88037109375,1203.5609616798479,1194.2236115362405,1196.125722417537,8200370
2023-09-07,1201.5106201171875,1204.5983838407617,1191.1357340059783,1196.421961377583,13652572
2023-09-08,1209.51416015625,1213.3677136631895,1197.039593881822,1205.463038004146,23109288
2023-09-11,1222.556884765625,1223.668479723262,1211.391482722607,1211.391482722607,13271074
2023-09-12,1204.8948974609375,1226.7068128830886,1203.462102676104,1226.7068128830886,16255666
2023-09-13,1210.9222412109375,1216.653058753229,1198.6699696902265,1205.4630504045967,12803338
2023-09-14,1212.03369140625,1218.2092185904667,1207.933117232777,1215.3437498538372,9209636
2023-09-15,1214.2816162109375,1219.2960960745,1210.1563157757241,1219.2960960745,25468592
2023-09-18,1203.709228515625,1210.8975674516837,1201.535490839137,1205.487828880595,7516300
2023-09-20,1176.8826904296875,1199.3370070481767,1163.4694916701224,1197.089090701199,57081884
2023-09-21,1168.31103515625,1180.8103271156433,1165.9396084396587,1173.3255153106452,12226182
2023-09-22,1163.4447021484375,1177.0308632017375,1160.9992172819989,1173.8443150051187,19176786
2023-09-25,1156.2811279296875,1166.2854832156668,1153.638074334712,1161.1968240581607,14254884
2023-09-26,1157.2939453125,1161.0980464311394,1153.8851021083722,1155.342502590839,10087782
2023-09-27,1170.336669921875,1171.769464855697,1155.3178333556975,1157.7880446735417,11722778
2023-09-28,1153.14404296875,1177.3026603074284,1148.6482103293206,1177.3026603074284,14518346
2023-09-29,1158.529052734375,1170.435518964013,1153.1440405649926,1156.9481416896208,12342014
2023-10-03,1145.263916015625,1153.885049186791,1144.2017734963838,1151.0936382938999,8859056
2023-10-04,1143.2877197265625,1145.683872665596,1133.8763122199225,1140.7434506187415,10286386
2023-10-05,1143.26318359375,1150.8219332922222,1140.743519950406,1145.8074528562056,10953682
2023-10-06,1145.1898193359375,1148.5493304183171,1142.2502923697696,1144.7205033692,5431026
2023-10-09,1135.4324951171875,1142.200849187487,1133.826857954507,1140.2988590719287,7576878
2023-10-10,1140.447021484375,1145.1404226117538,1138.1497733893898,1139.5331157395624,10236032
2023-10-11,1158.5537109375,1160.8509589721596,1142.7196339530417,1143.4359710357805,9814118
2023-10-12,1160.7027587890625,1165.6185754357678,1155.1447837404767,1157.9609209243824,12554450
2023-10-13,1160.6534423828125,1164.7045645712087,1150.6984190160554,1156.058825491677,10150316
2023-10-16,1158.0596923828125,1163.2471357038708,1154.0826283801794,1158.5290083696577,5929036
2023-10-17,1163.5928955078125,1165.791359182136,1156.701030917525,1163.9634271590728,7928180
2023-10-18,1148.1541748046875,1169.3979912920374,1146.6720480730119,1163.5929949263082,8918320
2023-10-19,1139.33544921875,1147.0672825471008,1136.7911799610206,1142.2256445327594,12032556
2023-10-20,1135.8525390625,1143.559525479833,1134.4691966955595,1136.2971288231192,8913312
2023-10-23,1118.1163330078125,1139.3848747937852,1114.1887214650121,1131.356688684127,7853962
2023-10-25,1115.522705078125,1127.009187707913,1108.1367973597628,1111.6198194416302,11620688
2023-10-26,1099.98486328125,1115.5471912369471,1096.9218260289952,1112.0888961356811,15222534
2023-10-27,1119.40087890625,1123.204979852311,1104.6536704890175,1106.654565590137,11771084
2023-10-30,1142.47265625,1148.6481841216216,1121.4511352518443,1123.4520304054054,16813304
2023-10-31,1130.3192138671875,1150.1303563093797,1127.8490026208185,1150.1303563093797,12808438
2023-11-01,1135.0125732421875,1144.9428703315039,1124.0448598372486,1130.9367248364767,10309190
2023-11-02,1146.2767333984375,1148.302354744411,1140.2247162104195,1143.1889695269997,10562104
2023-11-03,1146.0296630859375,1153.5638066087804,1144.078220526126,1149.7349795725816,8850156
2023-11-06,1155.564697265625,1156.0587394619763,1148.9445800808262,1152.2546386732256,10647304
2023-11-07,1148.0552978515625,1155.614167696399,1145.9556184844287,1153.1192304428853,6960204
2023-11-08,1154.033203125,1156.552866758098,1147.042553778562,1152.1064866637696,7884494
2023-11-09,1141.50927734375,1154.0331752710283,1138.3720609954937,1154.0085696526105,14513610
2023-11-10,1143.6583251953125,1144.3747829309668,1135.3337858785344,1139.039102652828,7734954
2023-11-13,1143.51025390625,1148.4506764659145,1142.0774589944763,1147.6107081381433,3854810
2023-11-15,1164.185791015625,1166.9030232858888,1149.6362714370953,1156.0588204395372,12220648
2023-11-16,1166.285400390625,1172.9302438744137,1159.4923201233041,1161.542667627995,13134910
2023-11-17,1163.7412109375,1172.4857343750468,1162.012063114762,1162.4319266451018,7758634
2023-11-20,1160.6781005859375,1165.1490860409533,1154.2801575494677,1160.2828426994563,4490186
2023-11-21,1175.2769775390625,1179.7728099438689,1166.0384122376151,1168.9038812090425,8214450
2023-11-22,1179.87158203125,1182.9593458443583,1171.9669066696931,1173.3502489811203,8534814
2023-11-23,1183.4781494140625,1185.7013394254852,1179.8716170501546,1179.8716170501546,8531542
2023-11-24,1182.6876220703125,1186.9858858764198,1181.2796741129466,1181.5514214570694,6749486
2023-11-28,1182.9346923828125,1185.5531403805655,1173.4738317237427,1182.6876712625676,13792174
2023-11-29,1186.047119140625,1191.605094048659,1184.7379555197092,1189.6536514263266,12531306
2023-11-30,1174.5606689453125,1186.0471507278282,1170.8306260067593,1183.0828973645985,28439984
2023-12-01,1182.88525390625,1183.9226701483003,1174.6347733568996,1174.8323419889748,14342842
2023-12-04,1195.6810302734375,1210.4035134582498,1185.0097900344595,1210.4035134582498,15590990
2023-12-05,1204.3514404296875,1205.8830195816831,1196.3973123183705,1204.9689932142376,12693624
2023-12-06,1215.8873291015625,1221.7416569101222,1202.9927791973269,1208.9707381739393,16422442
2023-12-07,1213.8863525390625,1215.813068778958,1206.4509936678744,1215.3437528349593,8142096
2023-12-08,1213.244140625,1223.5943006598802,1207.9331869400896,1217.2459307176134,10204894
2023-12-11,1215.022705078125,1219.098553135076,1211.5890153738967,1213.367615499601,7066138
2023-12-12,1197.5830078125,1217.7892853568703,1195.6561708810905,1215.3438006129375,9197124
2023-12-13,1202.4739990234375,1204.6478570918039,1188.8137803209581,1196.570218805253,10031182
2023-12-14,1217.39404296875,1222.7297228698085,1206.7721356331074,1212.3795628682321,16972354
2023-12-15,1232.9317626953125,1235.1055001292314,1220.3089603608373,1224.236571728094,15932152
2023-12-18,1245.48046875,1252.3476075388428,1230.6344755328585,1232.9318442845902,14165188
2023-12-19,1263.809326171875,1271.6150959828576,1247.5552663727806,1262.2777471951172,16820604
2023-12-20,1248.518798828125,1283.9417239360823,1244.9864450577063,1270.207325538083,17736722
2023-12-21,1266.0079345703125,1271.4176728398502,1244.1218397625619,1248.44470925444,13765454
2023-12-22,1267.2430419921875,1275.0735389423144,1258.6466348491601,1264.550535970751,16541784
2023-12-26,1273.66552734375,1280.5326657287192,1266.0819312708138,1268.7003790735205,7465664
2023-12-27,1278.01318359375,1284.4603381656593,1271.2201029702012,1275.6170305456778,9204156
2023-12-28,1287.251708984375,1290.4382571270967,1278.0131437475463,1279.4705441490948,12302636
2023-12-29,1277.0743408203125,1291.4262906293047,1274.2830506802181,1289.9936165179902,10864584
